[Number][Unit],9145
[ActIngreName],6210
中,2289
成分,2032
含有,1159
][,920
有効,881
Number,771
[Form],755
含量,735
本,703
Unit,615
剤,538
[BrandName],533
[Number],522
Formula,518
BR,461
[DrugParts],333
]）[,308
分量,292
品,261
]<<,256
（[,247
量,246
],242
下記,226
>>[,204
組成,203
>[,198
[Color],196
ActIngreName,195
]（[,169
ElectIon,156
]<,150
次,146
容量,145
[Unit],139
質,115
[,97
[CaseName],92
電解,88
名,87
法,87
原料,85
濃度,84
もの,79
無菌,78
遺伝子,76
組,76
換え,76
以上,75
名称,72
製剤,65
乾燥,64
とき,62
重量,61
的,60
抽出,60
販売,58
溶解,57
アレルゲン,57
用,56
物,56
定量,54
調製,54
時,53
]：[,53
生理,52
使用,50
熱量,50
特異,48
適量,45
由来,45
相当,43
[ElectIon],42
希釈,42
透析,42
混合,41
>>,41
操作,39
]＋[,37
]）,37
性,36
別名,35
]＋<,34
白,34
調整,32
菌,32
内容,31
ブタ,29
凍結,26
ｍｇ,25
精製,25
形,25
活性,23
製品,22
たん,22
[ActIngreShortName],21
前,20
後,19
消化,19
力,19
粘膜,18
[ActIngreOtherName],18
備考,18
性状,17
とおり,17
質量,16
表示,16
ウシ,16
イオン,16
ElementSymbol,14
蛋白,14
型,14
腸,14
因子,14
乳,14
DrugParts,13
]）<,13
]−[,13
健康,13
充てん,13
分,13
交換,13
化合,13
カゼイン,13
参照,12
糖,12
脂肪,12
]）：[,12
注入,12
換算,12
でんぷん,12
以下,11
単位,11
それぞれ,11
素,11
体,11
合計,11
培養,11
製造,11
とたん,11
比重,10
]（,10
充填,10
ポリソルベート,10
値,10
石,10
浸透,10
包,10
日本,10
器,10
添加,10
数,10
花粉,10
入り,10
圧搾,10
層,9
塩酸,9
率,9
化学,9
炭化,9
ワンポイント,9
カット,9
尿,9
専用,9
添付,9
ろ過,9
小腸,8
理論,8
圧,8
薬,8
名分,8
食用,8
獣,8
蒸留,8
旧,8
血清,8
測定,8
当たり,8
元素,8
組合せ,8
果実,8
回数,7
ヒト,7
バッグ,7
注射,7
配合,7
噴霧,7
国際,7
標準,7
形態,7
部,7
隔壁,7
種子,7
和物,7
割合,7
ｄＬ,6
酸,6
あたり,6
酸化,6
糖類,6
無痛,6
品名,6
類,6
採血,6
膵臓,6
ペン,6
血,6
徐,6
化,6
各々,6
安定,6
[Taste],6
基,6
滅菌,6
開通,5
>>〈,5
放出,5
細胞,5
主成分,5
下表,5
輸,5
構成,5
]＋：[,5
塩,5
コネクター,5
工程,5
二,5
多孔,5
濃厚,5
>><,5
ため,5
高温,5
[Smell],5
ＯｌｅａｅｕｒｏｐａｅａＬｉｎｎｅ,5
Ｏｌｅａｃｅａｅ,5
緩衝,5
溶性,5
味,5
麦芽,5
組合,5
わせ,5
]）…[,5
]＜,4
綿,4
規格,4
チャイニーズ,4
ハムスター,4
卵巣,4
カロリー,4
重合,4
収載,4
一般,4
分解,4
組み合わせ,4
一,4
容器,4
医薬品,4
針,4
別,4
胎児,4
培地,4
基準,4
生物,4
学,4
天然,4
トウ,4
ＲｉｃｉｎｕｓｃｏｍｍｕｎｉｓＬｉｎｎｅ,4
Ｅｕｐｈｏｒｂｉａｃｅａｅ,4
>,4
割線,4
系,4
球形,4
炭素,4
処理,4
におい,4
結晶,4
たんぱく質,4
原,4
よう,4
試験,4
セット,4
物質,4
ｏｌ,4
同等,4
結合,4
かわら,4
たけ,4
菌糸,4
バック,4
面積,3
状,3
ｍＬ,3
式,3
フソー,3
総合,3
付加,3
ＨＯＣＨ,3
ｎＣＨ,3
婦人,3
卵黄,3
レシチン,3
国,3
米国,3
ドイツ,3
オーストリア,3
献血,3
参考,3
装填,3
使い捨て,3
]＋,3
室,3
ブタクサ,3
脱色,3
脂肪酸,3
肺,3
ヒツジ,3
総生,3
種類,3
比,3
栄養,3
皮膚,3
人工,3
腎臓,3
還元,3
少量,3
マグネシウム,3
種,3
賦,3
ビール,3
浸出,3
加,3
センナ,3
付,3
界面,3
＞[,3
ソバ,3
粉,3
蒸気,3
直前,2
封入,2
目,2
）：[,2
セル,2
セルロース,2
吸収,2
コハク,2
制御,2
ＯＣＨ,2
主薬,2
噴射,2
粘性,2
分離,2
カンジダ,2
区分,2
吸入,2
内,2
用量,2
記載,2
保証,2
閉経,2
妊婦,2
一体,2
ＩＩ,2
タイプ,2
）[,2
ｍｍｏｌ,2
圧比,2
アカマツ,2
ハウス,2
ダスト,2
室内,2
塵,2
飽和,2
方法,2
マウス,2
投与,2
産,2
溶剤,2
微粉,2
Ｂｉｆｉｄｏｂａｃｔｅｒｉｕｍ,2
国内,2
中間,2
タマサキツヅラフジ,2
]−,2
Ｋｃａｌ,2
際,2
ヘビ,2
毒,2
発酵,2
ロイナゼ,2
マスターセルバンク,2
構築,2
高圧,2
赤,2
上下,2
円形,2
製,2
ＢＩＯ,2
ビオスリー,2
通例,2
適当,2
酵素,2
糖化,2
酵母,2
エビ,2
動物,2
加熱,2
こと,2
沈降,2
政府,2
所定,2
その他,2
緑,2
]）］[,2
]−<,2
料,2
ゲージ,2
翼,2
七,2
楕円,2
ＷＨＯ,2
ｌｃｉｔｏｎｉｎＳａｌｍｏｎｆｏｒＢｉｏａｓｓａｙ,2
アルテルナリア,2
キヌ,2
クラドスポリウム,2
トウモロコシ,2
毛,2
等量,2
樹脂,2
膜,2
地上,2
冷却,2
固形,2
除去,2
ろ,2
腹膜,1
分割,1
アクリル,1
エチルヘキシル,1
ビニルアクリル,1
ヒドロキシエチルコポリマー,1
固化,1
成形,1
角,1
長方形,1
速度,1
いずれ,1
同一,1
サージ,1
酸性,1
繊維,1
生産,1
利用,1
システム,1
ＯＲＯＳ,1
応用,1
ＰＬ,1
薬物,1
バルブ,1
更年期,1
デスモプレシン,1
]）（[,1
ＫＥ,1
個,1
ロカイン,1
斑点,1
模様,1
量り,1
シムビコートタービュヘイラー,1
長時間,1
作動,1
刺激,1
対応,1
表,1
モサプリド,1
ワクチン,1
期,1
バンク,1
作製,1
ウシトランスフェリン,1
識別,1
色,1
ｍｏｌ,1
ヘパリン,1
入,1
ＩＵ,1
通り,1
画,1
ウマ,1
深部,1
指,1
腹腔,1
ＬＤ,1
ボツリヌス,1
心臓,1
骨格,1
筋,1
外用,1
ジルチアゼム,1
装着,1
適用,1
これら,1
違い,1
ポリエチレン,1
万,1
Ｆｉｓｃｈｅｒ,1
アセチル,1
>：,1
血漿,1
トロンボプラスチン,1
管,1
骨,1
生体,1
>>＜[,1
>（[,1
中央,1
セーフ,1
ゲート,1
族,1
熱処理,1
Ｓｔｒｅｐｔｏｃｏｃｃｕｓ,1
属,1
菌株,1
生成,1
注,1
アスパラギナーゼ,1
アスパラギン,1
発生,1
ツイン,1
クラ,1
リス,1
エノキサシン,1
硬化,1
室温,1
気圧,1
下,1
ステア,1
速,1
トービシ,1
ウサギ,1
フジモト,1
家,1
兎,1
橙,1
皮,1
]）〕[,1
商品,1
光,1
変化,1
ＯＮ,1
帯,1
長,1
ＥＬ,1
略記,1
馬,1
心筋,1
一定,1
比率,1
リン,1
遊離,1
トリグリセライド,1
ムコフィリン,1
塩基,1
硝酸,1
億,1
オリゼー,1
生,1
Ｓａｃｃｈａｒｏｍｙｃｅｓ,1
醸造,1
オス,1
主要,1
エネルギー,1
はじめ,1
ん,1
類似,1
溶成,1
成人,1
殻,1
サイ,1
ケン,1
ジエチルエーテル,1
不溶,1
軽質,1
容積,1
目盛,1
目盛り,1
カルシウム,1
配,1
葉,1
ケット,1
成長,1
ホルモン,1
哺乳,1
唾,1
腺,1
分泌,1
甲状腺,1
有機,1
合体,1
プラセボ,1
点,1
鼻,1
混和,1
点火,1
炎,1
揮発,1
アミン,1
ＯＣ,1
メタノール,1
法定,1
色素,1
号,1
親,1
溶媒,1
没食子,1
当り,1
原生,1
上記,1
クロマツ,1
同属,1
植物,1
木部,1
けん化,1
ハリケインリキッド,1
歯科,1
カ,1
価,1
ポロ,1
セーブ,1
桃,1
黄,1
連続,1
脂,1
]＋＋（[,1
胃,1
ニッシン,1
リーバクト,1
減圧,1
濃縮,1
ブドウ,1
ＶｉｔｉｓｖｉｎｉｆｅｒａＬｉｎｎｅ,1
Ｖｉｔａｃｅａｅ,1
変種,1
未満,1
防止,1
ピロ,1
亜,1
着色,1
ｍＥｑ,1
]）<<,1
>>＜,1
結核,1
熱,1
初期,1
ニワトリ,1
卵,1
付き,1
]［,1
色調,1
メクロセート,1
等,1
ブリドーマ,1
株,1
ワーキングセルバンク,1
リポ,1
技術,1
ナン,1
ザール,1
ホウレン草,1
抗生,1
ｆｌｕｏｒｏ,1
ｍｅｔｈｙｌ,1
ｏｘｏ,1
ｐｉｐｅｒａｚｉｎ,1
ｙｌ,1
ｔｈｉａｚｅｔｏ,1
ｑｕｉｎｏｌｉｎｅ,1
ｃａｒｂｏｘｙｌｉｃａｃｉｄ,1
フィルター,1
包装,1
項,1
乳糖,1
ＺｅａｍａｙｓＬｉｎｎｅ,1
Ｇｒａｍｉｎｅａｅ,1
ジャガイモ,1
茎,1
含,1
ケイ,1
マクネシウム,1
ソフト,1
圧縮,1
オリーブ,1
オリーブノキ,1
ＳｅｓａｍｕｍｉｎｄｉｃｕｍＬｉｎｎｅ,1
Ｐｅｄａｌｉａｃｅａｅ,1
ダイズ,1
ＧｌｙｃｉｎｅｍａｘＭｅｒｒｉｌｌ,1
Ｌｅｇｕｍｉｎｏｓａｅ,1
ＯｖｉｓａｒｉｅｓＬｉｎｎｅ,1
Ｂｏｖｉｄａｅ,1
ＲＯ,1
除,1
限外,1
用途,1
ヨーロッパ,1
ミツバチ,1
トウヨウミツバチ,1
巣,1
採取,1
ＭｅｎｔｈａａｒｖｅｎｓｉｓＬｉｎｎｅ,1
ｖａｒ,1
ｐｉｐｅｒａｓｃｅｎｓＭａｌｉｎｖａｕｄ,1
Ｌａｂｉａｔａｅ,1
略,1
アサ,1
布,1
アジ,1
イカ,1
イースト,1
パン種,1
イネ,1
ワラ,1
イワシ,1
エダマメ,1
大麦,1
カツオ,1
カナ,1
ムグラ,1
カニ,1
カポック,1
カモガヤ,1
クリ,1
小麦粉,1
米,1
サバ,1
スギ,1
ススキ,1
ソバガラ,1
タタミ,1
トウフ,1
ナイロン,1
ナシ,1
バナナ,1
ヒメガマ,1
マグロ,1
マユ,1
綿布,1
モミガラ,1
リンゴ,1
全量,1
同種,1
