本剤は[Number][Unit][Number][Unit]中下記生薬より抽出した[Form]（[Kampo][Form]）[Number][Unit]を含有する[ActIngreName][Number][Unit][ActIngreName][Number][Unit][ActIngreName][Number][Unit][ActIngreName][Number][Unit][ActIngreName][Number][Unit][ActIngreName][Number][Unit][ActIngreName][Number][Unit],17
本品[Number][Unit]中下記の割合の混合生薬の[Form][Number][Unit]を含有する[ActIngreName][Number][Unit][ActIngreName][Number][Unit][ActIngreName][Number][Unit][ActIngreName][Number][Unit][ActIngreName][Number][Unit],17
本品[Number][Unit]中下記の割合の混合生薬の[Form][Number][Unit]を含有する[ActIngreName][Number][Unit][ActIngreName][Number][Unit][ActIngreName][Number][Unit][ActIngreName][Number][Unit][ActIngreName][Number][Unit][ActIngreName][Number][Unit][ActIngreName][Number][Unit][ActIngreName][Number][Unit][ActIngreName][Number][Unit],16
本品[Number][Unit]中下記の割合の混合生薬の[Form][Number][Unit]を含有する[ActIngreName][Number][Unit][ActIngreName][Number][Unit][ActIngreName][Number][Unit][ActIngreName][Number][Unit][ActIngreName][Number][Unit][ActIngreName][Number][Unit][ActIngreName][Number][Unit],15
本品[Number][Unit]中下記の割合の混合生薬の[Form][Number][Unit]を含有する[ActIngreName][Number][Unit][ActIngreName][Number][Unit][ActIngreName][Number][Unit][ActIngreName][Number][Unit][ActIngreName][Number][Unit][ActIngreName][Number][Unit],15
本薬[Number][Unit]（[Number][Unit]）中<BR>[ActIngreName][Number][Unit][ActIngreName][Number][Unit][ActIngreName][Number][Unit][ActIngreName][Number][Unit][ActIngreName][Number][Unit]上記の混合生薬より抽出した[Kampo][Form][Number][Unit]を含有する,15
本剤は[Number][Unit][Number][Unit]中下記生薬より抽出した[Form]（[Kampo][Form]）[Number][Unit]を含有する[ActIngreName][Number][Unit][ActIngreName][Number][Unit][ActIngreName][Number][Unit][ActIngreName][Number][Unit][ActIngreName][Number][Unit],13
本薬[Number][Unit]（[Number][Unit]）中<BR>[ActIngreName][Number][Unit][ActIngreName][Number][Unit][ActIngreName][Number][Unit][ActIngreName][Number][Unit][ActIngreName][Number][Unit][ActIngreName][Number][Unit][ActIngreName][Number][Unit]上記の混合生薬より抽出した[Kampo][Form][Number][Unit]を含有する,12
本剤[Number][Unit]中[ActIngreName][Number][Unit][ActIngreName][Number][Unit][ActIngreName][Number][Unit][ActIngreName][Number][Unit]上記の混合生薬より抽出した[Kampo]の[Form][Number][Unit]を含有する,12
本剤は[Number][Unit][Number][Unit]中下記生薬より抽出した[Form]（[Kampo][Form]）[Number][Unit]を含有する[ActIngreName][Number][Unit][ActIngreName][Number][Unit][ActIngreName][Number][Unit][ActIngreName][Number][Unit],12
本品[Number][Unit]中下記の割合の混合生薬の[Form][Number][Unit]を含有する[ActIngreName][Number][Unit][ActIngreName][Number][Unit][ActIngreName][Number][Unit][ActIngreName][Number][Unit][ActIngreName][Number][Unit][ActIngreName][Number][Unit][ActIngreName][Number][Unit][ActIngreName][Number][Unit][ActIngreName][Number][Unit][ActIngreName][Number][Unit],12
本剤は[Number][Unit]中に下記の成分を含む<<BR>>有効成分<BR>[ActIngreName][Number][Unit]（備考採血国：日本採血方法：献血）,12
本剤は[Number][Unit][Number][Unit]中下記生薬より抽出した[Form]（[Kampo][Form]）[Number][Unit]を含有する[ActIngreName][Number][Unit][ActIngreName][Number][Unit][ActIngreName][Number][Unit][ActIngreName][Number][Unit][ActIngreName][Number][Unit][ActIngreName][Number][Unit][ActIngreName][Number][Unit][ActIngreName][Number][Unit],11
本品[Number][Unit]中下記の割合の混合生薬の[Form][Number][Unit]を含有する[ActIngreName][Number][Unit][ActIngreName][Number][Unit][ActIngreName][Number][Unit][ActIngreName][Number][Unit],11
本剤は[Number][Unit][Number][Unit]中下記生薬より抽出した[Form]（[Kampo][Form]）[Number][Unit]を含有する[ActIngreName][Number][Unit][ActIngreName][Number][Unit][ActIngreName][Number][Unit][ActIngreName][Number][Unit][ActIngreName][Number][Unit][ActIngreName][Number][Unit],11
本剤[Number][Unit]中[ActIngreName][Number][Unit][ActIngreName][Number][Unit][ActIngreName][Number][Unit][ActIngreName][Number][Unit][ActIngreName][Number][Unit][ActIngreName][Number][Unit][ActIngreName][Number][Unit]上記の混合生薬より抽出した[Kampo]の[Form][Number][Unit]を含有する,10
本薬[Number][Unit]（[Number][Unit]）中<BR>[ActIngreName][Number][Unit][ActIngreName][Number][Unit][ActIngreName][Number][Unit][ActIngreName][Number][Unit][ActIngreName][Number][Unit][ActIngreName][Number][Unit][ActIngreName][Number][Unit][ActIngreName][Number][Unit]上記の混合生薬より抽出した[Kampo][Form][Number][Unit]を含有する,10
本品[Number][Unit]中[ActIngreName][Number][Unit][ActIngreName][Number][Unit][ActIngreName][Number][Unit][ActIngreName][Number][Unit][ActIngreName][Number][Unit]上記の混合生薬より製した[Form][Number][Unit]を含有する,10
有効成分〔[Number][Unit]中〕<BR>[ActIngreName][Number][Unit],10
有効成分〔[Number][Unit]（[Number][Unit]）中〕<BR>[ActIngreName][Number][Unit],10
本剤は[Kampo]の[Form]に賦形剤（[ActIngreName]）を加えて製したものである本剤[Number][Unit]中[ActIngreName][Number][Unit][ActIngreName][Number][Unit][ActIngreName][Number][Unit][ActIngreName][Number][Unit][ActIngreName][Number][Unit][ActIngreName][Number][Unit][ActIngreName][Number][Unit]上記の混合生薬より抽出した[Kampo]の[Form][Number][Unit]を含有する,9
本品[Number][Unit]中下記の割合の混合生薬の[Form][Number][Unit]を含有する[ActIngreName][Number][Unit][ActIngreName][Number][Unit][ActIngreName][Number][Unit][ActIngreName][Number][Unit][ActIngreName][Number][Unit][ActIngreName][Number][Unit][ActIngreName][Number][Unit][ActIngreName][Number][Unit][ActIngreName][Number][Unit][ActIngreName][Number][Unit][ActIngreName][Number][Unit][ActIngreName][Number][Unit],9
本剤[Number][Unit]中[ActIngreName][Number][Unit][ActIngreName][Number][Unit][ActIngreName][Number][Unit][ActIngreName][Number][Unit][ActIngreName][Number][Unit][ActIngreName][Number][Unit]上記の混合生薬より抽出した[Kampo]の[Form][Number][Unit]を含有する,8
本薬[Number][Unit]（[Number][Unit]）中<BR>[ActIngreName][Number][Unit][ActIngreName][Number][Unit][ActIngreName][Number][Unit][ActIngreName][Number][Unit]上記の混合生薬より抽出した[Kampo][Form][Number][Unit]を含有する,8
本剤は[Number][Unit][Number][Unit]中下記生薬より抽出した[Form]（[Kampo][Form]）[Number][Unit]を含有する[ActIngreName][Number][Unit][ActIngreName][Number][Unit][ActIngreName][Number][Unit][ActIngreName][Number][Unit][ActIngreName][Number][Unit][ActIngreName][Number][Unit][ActIngreName][Number][Unit][ActIngreName][Number][Unit][ActIngreName][Number][Unit],8
本品[Number][Unit]中[ActIngreName][Number][Unit][ActIngreName][Number][Unit][ActIngreName][Number][Unit][ActIngreName][Number][Unit][ActIngreName][Number][Unit][ActIngreName][Number][Unit][ActIngreName][Number][Unit]上記の混合生薬より製した[Form][Number][Unit]を含有する,7
本品[Number][Unit]中（[Number][Unit]中）[ActIngreName]…[Number][Unit][ActIngreName]…[Number][Unit][ActIngreName]…[Number][Unit][ActIngreName]…[Number][Unit][ActIngreName]…[Number][Unit][ActIngreName]…[Number][Unit][ActIngreName]…[Number][Unit]より製した[Form][Number][Unit]を含有する,7
本剤[Number][Unit]中[ActIngreName][Number][Unit][ActIngreName][Number][Unit][ActIngreName][Number][Unit]上記の混合生薬より抽出した[Kampo]の[Form][Number][Unit]を含有する,7
本品[Number][Unit]中下記の割合の混合生薬の[Form][Number][Unit]を含有する[ActIngreName][Number][Unit][ActIngreName][Number][Unit][ActIngreName][Number][Unit],7
本品[Number][Unit]中（[Number][Unit]中）[ActIngreName]…[Number][Unit][ActIngreName]…[Number][Unit][ActIngreName]…[Number][Unit][ActIngreName]…[Number][Unit]より製した[Form][Number][Unit]を含有する,7
本薬[Number][Unit]（[Number][Unit]）中<BR>[ActIngreName][Number][Unit][ActIngreName][Number][Unit][ActIngreName][Number][Unit][ActIngreName][Number][Unit][ActIngreName][Number][Unit][ActIngreName][Number][Unit][ActIngreName][Number][Unit][ActIngreName][Number][Unit][ActIngreName][Number][Unit]上記の混合生薬より抽出した[Kampo][Form][Number][Unit]を含有する,7
本品[Number][Unit]中[ActIngreName][Number][Unit][ActIngreName][Number][Unit][ActIngreName][Number][Unit][ActIngreName][Number][Unit][ActIngreName][Number][Unit][ActIngreName][Number][Unit][ActIngreName][Number][Unit][ActIngreName][Number][Unit][ActIngreName][Number][Unit][ActIngreName][Number][Unit]上記生薬より抽出した[Form][Number][Unit]を含有する,7
本剤は[Number][Unit][Number][Unit]中下記生薬より抽出した[Form]（[Kampo][Form]）[Number][Unit]を含有する[ActIngreName][Number][Unit][ActIngreName][Number][Unit][ActIngreName][Number][Unit][ActIngreName][Number][Unit][ActIngreName][Number][Unit][ActIngreName][Number][Unit][ActIngreName][Number][Unit][ActIngreName][Number][Unit][ActIngreName][Number][Unit][ActIngreName][Number][Unit],7
本剤は[Kampo]の[Form]に賦形剤（[ActIngreName]）を加えて製したものである本剤[Number][Unit]中[ActIngreName][Number][Unit][ActIngreName][Number][Unit][ActIngreName][Number][Unit][ActIngreName][Number][Unit][ActIngreName][Number][Unit][ActIngreName][Number][Unit]上記の混合生薬より抽出した[Kampo]の[Form][Number][Unit]を含有する,6
本品[Number][Unit]（[Number][Unit]）中下記の[Kampo][Form][Number][Unit]を含有する<<BR>>[ActIngreName][Number][Unit][ActIngreName][Number][Unit][ActIngreName][Number][Unit][ActIngreName][Number][Unit],6
本薬[Number][Unit]（[Number][Unit]）中<BR>[ActIngreName][Number][Unit][ActIngreName][Number][Unit][ActIngreName][Number][Unit][ActIngreName][Number][Unit][ActIngreName][Number][Unit][ActIngreName][Number][Unit]上記の混合生薬より抽出した[Kampo][Form][Number][Unit]を含有する,6
本薬[Number][Unit]（[Number][Unit]）中<BR>[ActIngreName][Number][Unit][ActIngreName][Number][Unit][ActIngreName][Number][Unit][ActIngreName][Number][Unit][ActIngreName][Number][Unit][ActIngreName][Number][Unit][ActIngreName][Number][Unit][ActIngreName][Number][Unit][ActIngreName][Number][Unit][ActIngreName][Number][Unit]上記の混合生薬より抽出した[Kampo][Form][Number][Unit]を含有する,6
本剤[Number][Unit]中[ActIngreName][Number][Unit][ActIngreName][Number][Unit][ActIngreName][Number][Unit][ActIngreName][Number][Unit][ActIngreName][Number][Unit]上記の混合生薬より抽出した[Kampo]の[Form][Number][Unit]を含有する,6
本品[Number][Unit]中（[Number][Unit]中）[ActIngreName]…[Number][Unit][ActIngreName]…[Number][Unit][ActIngreName]…[Number][Unit][ActIngreName]…[Number][Unit][ActIngreName]…[Number][Unit]より製した[Form][Number][Unit]を含有する,6
本剤は[Kampo]の[Form]に賦形剤（[ActIngreName]）を加えて製したものである本剤[Number][Unit]中[ActIngreName][Number][Unit][ActIngreName][Number][Unit][ActIngreName][Number][Unit][ActIngreName][Number][Unit][ActIngreName][Number][Unit]上記の混合生薬より抽出した[Kampo]の[Form][Number][Unit]を含有する,6
本剤は[ActIngreName]を含む[Form]で[Number][Unit]（[Number][Unit]製剤）中に下記の成分を含有する<<BR>>有効成分<BR>[ActIngreName]：[Number][Unit],6
本剤は[Number][Unit]中に下記の成分を含む<<BR>>有効成分<BR>[ActIngreName][Number][Unit],6
[Number][Unit]中[ActIngreName]（[Number]Ｉ）[Form]（検定日時）<BR>[Number][Unit],5
有効成分<BR>[Number][Unit]中[ActIngreName][Number][Unit],5
本品[Number][Unit]中下記の割合の混合生薬の[Form][Number][Unit]を含有する[ActIngreName][Number][Unit][ActIngreName][Number][Unit][ActIngreName][Number][Unit][ActIngreName][Number][Unit][ActIngreName][Number][Unit][ActIngreName][Number][Unit][ActIngreName][Number][Unit][ActIngreName][Number][Unit],5
本品[Number][Unit]中[ActIngreName][Number][Unit][ActIngreName][Number][Unit][ActIngreName][Number][Unit][ActIngreName][Number][Unit][ActIngreName][Number][Unit][ActIngreName][Number][Unit][ActIngreName][Number][Unit][ActIngreName][Number][Unit]上記の混合生薬より製した[Form][Number][Unit]を含有する,5
本品[Number][Unit]中（[Number][Unit]中）[ActIngreName]…[Number][Unit][ActIngreName]…[Number][Unit][ActIngreName]…[Number][Unit][ActIngreName]…[Number][Unit][ActIngreName]…[Number][Unit][ActIngreName]…[Number][Unit][ActIngreName]…[Number][Unit][ActIngreName]…[Number][Unit]より製した[Form][Number][Unit]を含有する,5
本品[Number][Unit]中[ActIngreName][Number][Unit][ActIngreName][Number][Unit][ActIngreName][Number][Unit][ActIngreName][Number][Unit]上記生薬より抽出した[Form][Number][Unit]を含有する,5
本品[Number][Unit]中[ActIngreName][Number][Unit][ActIngreName][Number][Unit][ActIngreName][Number][Unit][ActIngreName][Number][Unit]上記の混合生薬より製した[Form][Number][Unit]を含有する,5
本品[Number][Unit]中[ActIngreName][Number][Unit][ActIngreName][Number][Unit][ActIngreName][Number][Unit][ActIngreName][Number][Unit][ActIngreName][Number][Unit][ActIngreName][Number][Unit]上記の混合生薬より製した[Form][Number][Unit]を含有する,5
本品[Number][Unit]（[Number][Unit]）中下記の[Kampo][Form][Number][Unit]を含有する<<BR>>[ActIngreName][Number][Unit][ActIngreName][Number][Unit][ActIngreName][Number][Unit][ActIngreName][Number][Unit][ActIngreName][Number][Unit][ActIngreName][Number][Unit][ActIngreName][Number][Unit],5
本剤[Number][Unit]中[ActIngreName][Number][Unit][ActIngreName][Number][Unit][ActIngreName][Number][Unit][ActIngreName][Number][Unit][ActIngreName][Number][Unit][ActIngreName][Number][Unit][ActIngreName][Number][Unit][ActIngreName][Number][Unit][ActIngreName][Number][Unit]上記の混合生薬より抽出した[Kampo]の[Form][Number][Unit]を含有する,5
本品[Number][Unit]中[ActIngreName][Number][Unit][ActIngreName][Number][Unit][ActIngreName][Number][Unit][ActIngreName][Number][Unit][ActIngreName][Number][Unit][ActIngreName][Number][Unit][ActIngreName][Number][Unit][ActIngreName][Number][Unit][ActIngreName][Number][Unit]上記生薬より抽出した[Form][Number][Unit]を含有する,5
有効成分（[Number][Unit]中）<BR>[ActIngreName]アルファ（[ActIngreName]）（遺伝子組換え）：[Number][Unit]有効成分[Number][Unit]は[Number][Fomula]Ｕに相当する,5
[Number][Unit]（容量[Number][Unit]）中[ActIngreName]テクネチウム（[Number][Unit]Ｔｃ）放射能として[Number][Unit]（検定日時）[ActIngreName]として[Number][Unit],4
含量：<BR>本剤[Number][Unit]中[ActIngreName][Number][Unit][ActIngreName][Number][Unit][ActIngreName][Number][Unit][ActIngreName][Number][Unit][ActIngreName][Number][Unit][ActIngreName][Number][Unit][ActIngreName][Number][Unit]上記の混合生薬より抽出した[Kampo][Form][Number][Unit]を含有する,4
本剤は[Number][Unit][Number][Unit]中下記生薬より抽出した[Form]（[Kampo][Form]）[Number][Unit]を含有する[ActIngreName][Number][Unit][ActIngreName][Number][Unit][ActIngreName][Number][Unit],4
本剤[Number][Unit]中[ActIngreName][Number][Unit][ActIngreName][Number][Unit][ActIngreName][Number][Unit][ActIngreName][Number][Unit][ActIngreName][Number][Unit][ActIngreName][Number][Unit][ActIngreName][Number][Unit][ActIngreName][Number][Unit]上記の混合生薬より抽出した[Kampo]の[Form][Number][Unit]を含有する,4
本品[Number][Unit]中[ActIngreName][Number][Unit][ActIngreName][Number][Unit][ActIngreName][Number][Unit][ActIngreName][Number][Unit][ActIngreName][Number][Unit][ActIngreName][Number][Unit][ActIngreName][Number][Unit]上記生薬より抽出した[Form][Number][Unit]を含有する,4
本品[Number][Unit]中[ActIngreName][Number][Unit][ActIngreName][Number][Unit][ActIngreName][Number][Unit][ActIngreName][Number][Unit][ActIngreName][Number][Unit][ActIngreName][Number][Unit]上記生薬より抽出した[Form][Number][Unit]を含有する,4
本品[Number][Unit]中（[Number][Unit]中）[ActIngreName]…[Number][Unit][ActIngreName]…[Number][Unit][ActIngreName]…[Number][Unit][ActIngreName]…[Number][Unit][ActIngreName]…[Number][Unit][ActIngreName]…[Number][Unit]より製した[Form][Number][Unit]を含有する,4
本剤は[Kampo]の[Form]に賦形剤（[ActIngreName]）を加えて製したものである本剤[Number][Unit]中[ActIngreName][Number][Unit][ActIngreName][Number][Unit][ActIngreName][Number][Unit][ActIngreName][Number][Unit][ActIngreName][Number][Unit][ActIngreName][Number][Unit][ActIngreName][Number][Unit][ActIngreName][Number][Unit][ActIngreName][Number][Unit][ActIngreName][Number][Unit]上記の混合生薬より抽出した[Kampo]の[Form][Number][Unit]を含有する,4
本品[Number][Unit]中[ActIngreName][Number][Unit][ActIngreName][Number][Unit][ActIngreName][Number][Unit][ActIngreName][Number][Unit][ActIngreName][Number][Unit][ActIngreName][Number][Unit][ActIngreName][Number][Unit][ActIngreName][Number][Unit][ActIngreName][Number][Unit][ActIngreName][Number][Unit]上記の混合生薬より製した[Form][Number][Unit]を含有する,4
本品[Number][Unit]中（[Number][Unit]中）[ActIngreName]…[Number][Unit][ActIngreName]…[Number][Unit][ActIngreName]…[Number][Unit][ActIngreName]…[Number][Unit][ActIngreName]…[Number][Unit][ActIngreName]…[Number][Unit][ActIngreName]…[Number][Unit][ActIngreName]…[Number][Unit][ActIngreName]…[Number][Unit][ActIngreName]…[Number][Unit]より製した[Form][Number][Unit]を含有する,4
本品[Number][Unit]中下記の混合生薬より抽出した[Form][Number][Unit]を含有する[ActIngreName]…[Number][Unit][ActIngreName]…[Number][Unit][ActIngreName]…[Number][Unit][ActIngreName]…[Number][Unit][ActIngreName]…[Number][Unit][ActIngreName]…[Number][Unit][ActIngreName]…[Number][Unit],4
本品[Number][Unit]（[Number][Unit]）中下記の[Kampo][Form][Number][Unit]を含有する<<BR>>[ActIngreName][Number][Unit][ActIngreName][Number][Unit][ActIngreName][Number][Unit][ActIngreName][Number][Unit][ActIngreName][Number][Unit],4
本品[Number][Unit]中[ActIngreName][Number][Unit][ActIngreName][Number][Unit][ActIngreName][Number][Unit][ActIngreName][Number][Unit][ActIngreName][Number][Unit]上記生薬より抽出した[Form][Number][Unit]を含有する,4
本品[Number][Unit]中（[ActIngreName][Number][Unit]）（[ActIngreName][Number][Unit]）（[ActIngreName][Number][Unit]）（[ActIngreName][Number][Unit]）（[ActIngreName][Number][Unit]）（[ActIngreName][Number][Unit]）（[ActIngreName][Number][Unit]）[Kampo][Form][Number][Unit]を含有する,4
含量：<BR>本剤[Number][Unit]中[ActIngreName][Number][Unit][ActIngreName][Number][Unit][ActIngreName][Number][Unit][ActIngreName][Number][Unit][ActIngreName][Number][Unit][ActIngreName][Number][Unit][ActIngreName][Number][Unit][ActIngreName][Number][Unit]上記の混合生薬より抽出した[Kampo][Form][Number][Unit]を含有する,4
本剤は人血漿中の[ActIngreName]を含む[Form]で[Number][Unit]中に下記の成分を含有する<<BR>>有効成分<BR>[ActIngreName]：[Number][Unit],4
本剤を添付の溶剤（[ActIngreName]）で溶解したとき[Number][Unit]中の組成は下記のとおりである<<BR>>有効成分<BR>[ActIngreName]：[Number][Unit],4
[Number][Unit]中<<BR>>有効成分<BR>[ActIngreName]アルファ（遺伝子組換え）[Number][Unit],4
有効成分[Number][Unit]（[Number][Unit]）中<BR>[ActIngreName]アルファ（ＮＡＭＡＬＷＡ）[Number][Unit]（[Unit]）,4
有効成分<BR>ヘキサキス（[ActIngreName]）テクネチウム（[Number][Unit]Ｔｃ）放射能として[Number][Unit]（検定日時）テトラキス（[ActIngreName]）[ActIngreName]（Ｉ）[ActIngreName]として[Number][Unit],3
[Number][Unit]（容量[Number][Unit]）中[ActIngreName]（[Number][Unit]Ｔｃ）放射能として[Number][Unit]（検定日時）[ActIngreName]として[Number][Unit],3
[ActIngreName],3
本品は[ActIngreName]を[Form]としたものである,3
本剤は[ActIngreName]を[Form]としたものである,3
本品[Number][Unit]中下記の割合の混合生薬の[Form][Number][Unit]を含有する[ActIngreName][Number][Unit][ActIngreName][Number][Unit][ActIngreName][Number][Unit][ActIngreName][Number][Unit][ActIngreName][Number][Unit][ActIngreName][Number][Unit][ActIngreName][Number][Unit][ActIngreName][Number][Unit][ActIngreName][Number][Unit][ActIngreName][Number][Unit][ActIngreName][Number][Unit],3
本薬[Number][Unit]（[Number][Unit]）中<BR>[ActIngreName][Number][Unit][ActIngreName][Number][Unit][ActIngreName][Number][Unit]上記の混合生薬より抽出した[Kampo][Form][Number][Unit]を含有する,3
本品[Number][Unit]中[ActIngreName][Number][Unit][ActIngreName][Number][Unit][ActIngreName][Number][Unit]上記の混合生薬より製した[Form][Number][Unit]を含有する,3
本剤は[Kampo]の[Form]に賦形剤（[ActIngreName]）を加えて製したものである本剤[Number][Unit]中[ActIngreName][Number][Unit][ActIngreName][Number][Unit][ActIngreName][Number][Unit][ActIngreName][Number][Unit][ActIngreName][Number][Unit][ActIngreName][Number][Unit][ActIngreName][Number][Unit][ActIngreName][Number][Unit]上記の混合生薬より抽出した[Kampo]の[Form][Number][Unit]を含有する,3
本剤は[Kampo]の[Form]に賦形剤（[ActIngreName]）を加えて製したものである本剤[Number][Unit]中[ActIngreName][Number][Unit][ActIngreName][Number][Unit][ActIngreName][Number][Unit][ActIngreName][Number][Unit]上記の混合生薬より抽出した[Kampo]の[Form][Number][Unit]を含有する,3
含量：<BR>本剤[Number][Unit]中[ActIngreName][Number][Unit][ActIngreName][Number][Unit][ActIngreName][Number][Unit][ActIngreName][Number][Unit]上記の混合生薬より抽出した[Kampo][Form][Number][Unit]を含有する,3
本品[Number][Unit]中下記の割合の混合生薬の[Form]〔[Kampo]（[KampoYomi]）[Form]−ＡＴ〕[Number][Unit]を含有する[ActIngreName][Number][Unit][ActIngreName][Number][Unit][ActIngreName][Number][Unit][ActIngreName][Number][Unit][ActIngreName][Number][Unit][ActIngreName][Number][Unit][ActIngreName][Number][Unit],3
本品[Number][Unit]（[Number][Unit]）中下記の[Kampo][Form][Number][Unit]を含有する<<BR>>[ActIngreName][Number][Unit][ActIngreName][Number][Unit][ActIngreName][Number][Unit][ActIngreName][Number][Unit][ActIngreName][Number][Unit][ActIngreName][Number][Unit][ActIngreName][Number][Unit][ActIngreName][Number][Unit][ActIngreName][Number][Unit],3
本剤[Number][Unit]中[ActIngreName][Number][Unit][ActIngreName][Number][Unit][ActIngreName][Number][Unit][ActIngreName][Number][Unit][ActIngreName][Number][Unit][ActIngreName][Number][Unit][ActIngreName][Number][Unit][ActIngreName][Number][Unit][ActIngreName][Number][Unit][ActIngreName][Number][Unit]上記の混合生薬より抽出した[Kampo][Form][Number][Unit]を含有する,3
含量：<BR>本剤[Number][Unit]中[ActIngreName][Number][Unit][ActIngreName][Number][Unit][ActIngreName][Number][Unit][ActIngreName][Number][Unit][ActIngreName][Number][Unit][ActIngreName][Number][Unit][ActIngreName][Number][Unit][ActIngreName][Number][Unit][ActIngreName][Number][Unit][ActIngreName][Number][Unit]上記の混合生薬より抽出した[Kampo][Form][Number][Unit]を含有する,3
本品[Number][Unit]中下記の割合の混合生薬の[Form][Number][Unit]を含有する[ActIngreName][Number][Unit][ActIngreName][Number][Unit],3
含量：<BR>本剤[Number][Unit]中[ActIngreName][Number][Unit][ActIngreName][Number][Unit][ActIngreName][Number][Unit][ActIngreName][Number][Unit][ActIngreName][Number][Unit]上記の混合生薬より抽出した[Kampo][Form][Number][Unit]を含有する,3
本剤[Number][Unit]中[ActIngreName][Number][Unit][ActIngreName][Number][Unit][ActIngreName][Number][Unit][ActIngreName][Number][Unit][ActIngreName][Number][Unit]上記の混合生薬より抽出した[Kampo][Form][Number][Unit]を含有する,3
本品[Number][Unit]中下記の混合生薬より抽出した[Form][Number][Unit]を含有する[ActIngreName]…[Number][Unit][ActIngreName]…[Number][Unit][ActIngreName]…[Number][Unit][ActIngreName]…[Number][Unit][ActIngreName]…[Number][Unit],3
本剤は[Kampo]の[Form]に賦形剤（[ActIngreName]）を加えて製したものである本剤[Number][Unit]中[ActIngreName][Number][Unit][ActIngreName][Number][Unit][ActIngreName][Number][Unit][ActIngreName][Number][Unit][ActIngreName][Number][Unit][ActIngreName][Number][Unit][ActIngreName][Number][Unit][ActIngreName][Number][Unit][ActIngreName][Number][Unit]上記の混合生薬より抽出した[Kampo]の[Form][Number][Unit]を含有する,3
本薬[Number][Unit]（[Number][Unit]）中<BR>[ActIngreName][Number][Unit][ActIngreName][Number][Unit][ActIngreName][Number][Unit][ActIngreName][Number][Unit][ActIngreName][Number][Unit][ActIngreName][Number][Unit][ActIngreName][Number][Unit][ActIngreName][Number][Unit][ActIngreName][Number][Unit][ActIngreName][Number][Unit][ActIngreName][Number][Unit]上記の混合生薬より抽出した[Kampo][Form][Number][Unit]を含有する,3
本薬[Number][Unit]（[Number][Unit]）中<BR>[ActIngreName][Number][Unit][ActIngreName][Number][Unit][ActIngreName][Number][Unit][ActIngreName][Number][Unit][ActIngreName][Number][Unit][ActIngreName][Number][Unit][ActIngreName][Number][Unit][ActIngreName][Number][Unit][ActIngreName][Number][Unit][ActIngreName][Number][Unit][ActIngreName][Number][Unit][ActIngreName][Number][Unit]上記の混合生薬より抽出した[Kampo][Form][Number][Unit]を含有する,3
本品[Number][Unit]中下記の割合の混合生薬の[Form][Number][Unit]を含有する[ActIngreName][Number][Unit][ActIngreName][Number][Unit][ActIngreName][Number][Unit][ActIngreName][Number][Unit][ActIngreName][Number][Unit][ActIngreName][Number][Unit][ActIngreName][Number][Unit][ActIngreName][Number][Unit][ActIngreName][Number][Unit][ActIngreName][Number][Unit][ActIngreName][Number][Unit][ActIngreName][Number][Unit][ActIngreName][Number][Unit],3
本剤は[Number][Unit][Number][Unit]中下記生薬より抽出した[Form]（[Kampo][Form]）[Number][Unit]を含有する[ActIngreName][Number][Unit][ActIngreName][Number][Unit],3
本剤[Number][Unit]中[ActIngreName][Number][Unit][ActIngreName][Number][Unit][ActIngreName][Number][Unit][ActIngreName][Number][Unit][ActIngreName][Number][Unit][ActIngreName][Number][Unit][ActIngreName][Number][Unit][ActIngreName][Number][Unit][ActIngreName][Number][Unit][ActIngreName][Number][Unit]上記の混合生薬より抽出した[Kampo]の[Form][Number][Unit]を含有する,3
本品[Number][Unit]（[Number][Unit]）中下記の[Kampo][Form][Number][Unit]を含有する<<BR>>[ActIngreName][Number][Unit][ActIngreName][Number][Unit][ActIngreName][Number][Unit][ActIngreName][Number][Unit][ActIngreName][Number][Unit][ActIngreName][Number][Unit][ActIngreName][Number][Unit][ActIngreName][Number][Unit],3
本剤はヒトのポリエチレングリコール処理[ActIngreName]を含む[Form]で[Number][Unit]中に下記の成分を含有する<<BR>>有効成分<BR>[ActIngreName]：[Number][Unit],3
本剤を添付の溶剤（[ActIngreName]）で溶解したとき[Number][Unit]中の組成は下記のとおりである<<BR>>有効成分<BR>血[Form]凝固第ＶＩＩＩ因子血[Form]凝固第ＶＩＩＩ因子（[ActIngreName]）として：[Number][Unit][ActIngreName]（[ActIngreName]）として：[Number][Unit],3
本剤はヒトの[ActIngreName]中の「[ActIngreName]」を含む[Form]で[Number][Unit]中に下記の成分を含有する<<BR>>有効成分<BR>[ActIngreName]：[Number][Unit],3
本剤[Number][Unit]（[Number][Unit]）中下記成分を含む<<BR>>有効成分<BR>[ActIngreName]：[Number][Unit]採血国：米国採血の区別：非献血注[Number]）,3
本剤[Number][Unit]中（分量[Number][Unit]）の組成は下記のとおりである<<BR>>有効成分<BR>[ActIngreName]：[Number][Unit],3
本剤を添付の溶剤（[ActIngreName]）で溶解したとき[Number][Unit]中の組成は下記のとおりである<<BR>>有効成分<BR>[ActIngreName]：[Number][Unit]国際単位に準拠している,3
本剤は[Form][DrugParts]と溶解[Form]（[ActIngreName][CaseName]）からなる注射用[Form]製品である．<<BR>>[Number][Unit]中有効成分<BR>[ActIngreName]アルファ（遺伝子組換え）：[Number][Unit],3
本製品は[CaseName],3
本剤は[Number][Unit]中に下記成分を含む別に,3
有効成分（[Number][Unit]中）<BR>[ActIngreName][ActIngreName][Number][Unit]（備考：ヒトの線維芽細胞由来）,3
有効成分（[Number][Unit]中）<BR>[ActIngreName][ActIngreName]（遺伝子組換え）：[Number][Unit],3
本剤は下記成分を含む[Form]で<<BR>>有効成分（[Number][Unit]中の含量）<BR>[ActIngreName]アルファ（ＢＡＬＬ−[Number]）[Number][Unit]（備考：ヒトリンパ芽球細胞由来）,3
成分含量（[Number][Unit]中）：<BR>[ActIngreName]（遺伝子組換え）[Number]万[Number]国内標準単位（ＪＲＵ）,3
有効成分（[Number][Unit]中）<BR>[ActIngreName]（遺伝子組換え）[Number][Unit]（[Number][Unit]）,3
有効成分[ActIngreName][ActIngreName]（遺伝子組換え）<BR>[Number][Unit]中の含有量：[Number][Unit]「[ActIngreName]」[Number][Unit]に溶解した[Form][Number][Unit]中に含まれる量：[Number][Unit],3
成分含有量（[Number][Unit]中）内容量<BR>[Number][Unit]<<BR>>成分含有量（[Number][Unit]中）有効成分<BR>[ActIngreName]（遺伝子組換え）注[Number]）[Number][Unit],3
[ActIngreName]（[Number][Unit]Ｔｃ）[Form][Number][Unit]中[ActIngreName]（[Number][Unit]Ｔｃ）（検定日時において）[Number][Unit],2
[Number][Unit]（容量[Number][Unit]）中[ActIngreName]（[Number]Ｉ）[Number][Unit]（検定日時）,2
本剤は[Form]性の[Form]で[ActIngreName]−[Number]を[ActIngreName]の形で含む[Number][Unit]中[ActIngreName]（[Number]Ｉ）（検定日時において）[Number][Unit][ActIngreName][Number][Unit],2
[Number][Unit]（容量[Number][Unit]）中[ActIngreName]（[Number]Ｉ）放射能として[Number][Unit]（検定日時）[ActIngreName]として[Number][Unit],2
本剤は[Form]性の[Form]で[ActIngreName]を[ActIngreName]の形で含む[Number][Unit]中[ActIngreName]（[Number][Unit]Ｔｃ）（検定日時において）[Number][Unit][ActIngreName][Number][Unit],2
本品[Number][Unit]中[ActIngreName][Number][Unit]を含有する[ActIngreName]はオタネ[ActIngreName]ＰａｎａｘｇｉｎｓｅｎｇＣ．Ａ．Ｍｅｙｅｒ（ＰａｎａｘｓｃｈｉｎｓｅｎｇＮｅｅｓ）（Ａｒａｌｉａｃｅａｅ）の根を蒸したものである,2
本品[Number][Unit]中下記の混合生薬より抽出した[Form][Number][Unit]を含有する[ActIngreName]…[Number][Unit][ActIngreName]…[Number][Unit][ActIngreName]…[Number][Unit][ActIngreName]…[Number][Unit],2
本品[Number][Unit]（[Number][Unit]）中下記の[Kampo][Form][Number][Unit]を含有する<<BR>>[ActIngreName][Number][Unit][ActIngreName][Number][Unit][ActIngreName][Number][Unit][ActIngreName][Number][Unit][ActIngreName][Number][Unit][ActIngreName][Number][Unit],2
含量：<BR>本剤[Number][Unit]中[ActIngreName][Number][Unit][ActIngreName][Number][Unit][ActIngreName][Number][Unit][ActIngreName][Number][Unit][ActIngreName][Number][Unit][ActIngreName][Number][Unit]上記の混合生薬より抽出した[Kampo][Form][Number][Unit]を含有する,2
本品[Number][Unit]中下記の割合の混合生薬の[Form]〔[Kampo]（[KampoYomi]）[Form]−ＡＴ〕[Number][Unit]を含有する[ActIngreName][Number][Unit][ActIngreName][Number][Unit][ActIngreName][Number][Unit][ActIngreName][Number][Unit][ActIngreName][Number][Unit][ActIngreName][Number][Unit][ActIngreName][Number][Unit][ActIngreName][Number][Unit][ActIngreName][Number][Unit],2
本品[Number][Unit]中[ActIngreName][Number][Unit][ActIngreName][Number][Unit][ActIngreName][Number][Unit][ActIngreName][Number][Unit][ActIngreName][Number][Unit][ActIngreName][Number][Unit][ActIngreName][Number][Unit][ActIngreName][Number][Unit][ActIngreName][Number][Unit]上記の混合生薬より製した[Form][Number][Unit]を含有する,2
本薬[Number][Unit]（[Number][Unit]）中<BR>[ActIngreName][Number][Unit][ActIngreName][Number][Unit][ActIngreName][Number][Unit][ActIngreName][Number][Unit][ActIngreName][Number][Unit][ActIngreName][Number][Unit][ActIngreName][Number][Unit][ActIngreName][Number][Unit][ActIngreName][Number][Unit][ActIngreName][Number][Unit][ActIngreName][Number][Unit][ActIngreName][Number][Unit][ActIngreName][Number][Unit][ActIngreName][Number][Unit]上記の混合生薬より抽出した[Kampo][Form][Number][Unit]を含有する,2
本品[Number][Unit]中下記の混合生薬より抽出した[Form][Number][Unit]を含有する[ActIngreName]…[Number][Unit][ActIngreName]…[Number][Unit][ActIngreName]…[Number][Unit][ActIngreName]…[Number][Unit][ActIngreName]…[Number][Unit][ActIngreName]…[Number][Unit][ActIngreName]…[Number][Unit][ActIngreName]…[Number][Unit][ActIngreName]…[Number][Unit][ActIngreName]…[Number][Unit],2
本剤は[Number][Unit][Number][Unit]中下記生薬より抽出した[Form]（[Kampo][Form]）[Number][Unit]を含有する[ActIngreName][Number][Unit][ActIngreName][Number][Unit][ActIngreName][Number][Unit][ActIngreName][Number][Unit][ActIngreName][Number][Unit][ActIngreName][Number][Unit][ActIngreName][Number][Unit][ActIngreName][Number][Unit][ActIngreName][Number][Unit][ActIngreName][Number][Unit][ActIngreName][Number][Unit][ActIngreName][Number][Unit],2
本剤は[Number][Unit][Number][Unit]中下記生薬より抽出した[Form]（[Kampo][Form]）[Number][Unit]を含有する[ActIngreName][Number][Unit][ActIngreName][Number][Unit][ActIngreName][Number][Unit][ActIngreName][Number][Unit][ActIngreName][Number][Unit][ActIngreName][Number][Unit][ActIngreName][Number][Unit][ActIngreName][Number][Unit][ActIngreName][Number][Unit][ActIngreName][Number][Unit][ActIngreName][Number][Unit][ActIngreName][Number][Unit][ActIngreName][Number][Unit][ActIngreName][Number][Unit][ActIngreName][Number][Unit][ActIngreName][Number][Unit][ActIngreName][Number][Unit],2
本品[Number][Unit]中[ActIngreName][Number][Unit][ActIngreName][Number][Unit][ActIngreName][Number][Unit][ActIngreName][Number][Unit][ActIngreName][Number][Unit][ActIngreName][Number][Unit][ActIngreName][Number][Unit][ActIngreName][Number][Unit][ActIngreName][Number][Unit][ActIngreName][Number][Unit][ActIngreName][Number][Unit][ActIngreName][Number][Unit][ActIngreName][Number][Unit][ActIngreName][Number][Unit][ActIngreName][Number][Unit][ActIngreName][Number][Unit][ActIngreName][Number][Unit]上記生薬より抽出した[Form][Number][Unit]を含有する,2
本品[Number][Unit]中下記の割合の混合生薬の[Form][Number][Unit]を含有する[ActIngreName][Number][Unit][ActIngreName][Number][Unit][ActIngreName][Number][Unit][ActIngreName][Number][Unit][ActIngreName][Number][Unit][ActIngreName][Number][Unit][ActIngreName][Number][Unit][ActIngreName][Number][Unit][ActIngreName][Number][Unit][ActIngreName][Number][Unit][ActIngreName][Number][Unit][ActIngreName][Number][Unit][ActIngreName][Number][Unit][ActIngreName][Number][Unit][ActIngreName][Number][Unit][ActIngreName][Number][Unit][ActIngreName][Number][Unit],2
本品[Number][Unit]中[ActIngreName][Number][Unit][ActIngreName][Number][Unit][ActIngreName][Number][Unit][ActIngreName][Number][Unit][ActIngreName][Number][Unit][ActIngreName][Number][Unit][ActIngreName][Number][Unit][ActIngreName][Number][Unit][ActIngreName][Number][Unit][ActIngreName][Number][Unit][ActIngreName][Number][Unit][ActIngreName][Number][Unit][ActIngreName][Number][Unit][ActIngreName][Number][Unit][ActIngreName][Number][Unit][ActIngreName][Number][Unit][ActIngreName][Number][Unit]上記の混合生薬より製した[Form][Number][Unit]を含有する,2
本品[Number][Unit]中（[ActIngreName][Number][Unit]）（[ActIngreName][Number][Unit]）（[ActIngreName][Number][Unit]）（[ActIngreName][Number][Unit]）（[ActIngreName][Number][Unit]）[Kampo][Form][Number][Unit]を含有する,2
本品[Number][Unit]中下記の割合の混合生薬の[Form]〔[Kampo]（[KampoYomi]）[Form]〕[Number][Unit]を含有する[ActIngreName][Number][Unit][ActIngreName][Number][Unit][ActIngreName][Number][Unit][ActIngreName][Number][Unit][ActIngreName][Number][Unit],2
本剤[Number][Unit]中[ActIngreName][Number][Unit][ActIngreName][Number][Unit][ActIngreName][Number][Unit][ActIngreName][Number][Unit][ActIngreName][Number][Unit][ActIngreName][Number][Unit][ActIngreName][Number][Unit][ActIngreName][Number][Unit][ActIngreName][Number][Unit][ActIngreName][Number][Unit][ActIngreName][Number][Unit][ActIngreName][Number][Unit][ActIngreName][Number][Unit][ActIngreName][Number][Unit][ActIngreName][Number][Unit][ActIngreName][Number][Unit][ActIngreName][Number][Unit][ActIngreName][Number][Unit]上記の混合生薬より抽出した[Kampo]の[Form][Number][Unit]を含有する,2
本品[Number][Unit]中下記の割合の混合生薬の[Form][Number][Unit]を含有する[ActIngreName][Number][Unit][ActIngreName][Number][Unit][ActIngreName][Number][Unit][ActIngreName][Number][Unit][ActIngreName][Number][Unit][ActIngreName][Number][Unit][ActIngreName][Number][Unit][ActIngreName][Number][Unit][ActIngreName][Number][Unit][ActIngreName][Number][Unit][ActIngreName][Number][Unit][ActIngreName][Number][Unit][ActIngreName][Number][Unit][ActIngreName][Number][Unit][ActIngreName][Number][Unit][ActIngreName][Number][Unit],2
本剤は[Number][Unit][Number][Unit]中下記生薬より抽出した[Form]（[Kampo][Form]）[Number][Unit]を含有する[ActIngreName][Number][Unit][ActIngreName][Number][Unit][ActIngreName][Number][Unit][ActIngreName][Number][Unit][ActIngreName][Number][Unit][ActIngreName][Number][Unit][ActIngreName][Number][Unit][ActIngreName][Number][Unit][ActIngreName][Number][Unit][ActIngreName][Number][Unit][ActIngreName][Number][Unit],2
本品[Number][Unit]中下記の割合の混合生薬の[Form][Number][Unit]を含有する[ActIngreName][Number][Unit][ActIngreName][Number][Unit][ActIngreName][Number][Unit][ActIngreName][Number][Unit][ActIngreName][Number][Unit][ActIngreName][Number][Unit][ActIngreName][Number][Unit][ActIngreName][Number][Unit][ActIngreName][Number][Unit][ActIngreName][Number][Unit][ActIngreName][Number][Unit][ActIngreName][Number][Unit][ActIngreName][Number][Unit][ActIngreName][Number][Unit][ActIngreName][Number][Unit],2
本品[Number][Unit]中（[Number][Unit]中）[ActIngreName]…[Number][Unit][ActIngreName]…[Number][Unit][ActIngreName]…[Number][Unit]より製した[Form][Number][Unit]を含有する,2
本品[Number][Unit]（[Number][Unit]）中下記の[Kampo][Form][Number][Unit]を含有する<<BR>>[ActIngreName][Number][Unit][ActIngreName][Number][Unit][ActIngreName][Number][Unit][ActIngreName][Number][Unit][ActIngreName][Number][Unit][ActIngreName][Number][Unit][ActIngreName][Number][Unit][ActIngreName][Number][Unit][ActIngreName][Number][Unit][ActIngreName][Number][Unit],2
本品[Number][Unit]中下記の混合生薬より抽出した[Form][Number][Unit]を含有する[ActIngreName]…[Number][Unit][ActIngreName]…[Number][Unit][ActIngreName]…[Number][Unit][ActIngreName]…[Number][Unit][ActIngreName]…[Number][Unit][ActIngreName]…[Number][Unit][ActIngreName]…[Number][Unit][ActIngreName]…[Number][Unit],2
本品[Number][Unit]中下記の割合の混合生薬の[Form]〔[Kampo]（[KampoYomi]）[Form]−ＡＴ〕[Number][Unit]を含有する[ActIngreName][Number][Unit][ActIngreName][Number][Unit][ActIngreName][Number][Unit][ActIngreName][Number][Unit][ActIngreName][Number][Unit][ActIngreName][Number][Unit][ActIngreName][Number][Unit][ActIngreName][Number][Unit],2
本品[Number][Unit]中[ActIngreName][Number][Unit][ActIngreName][Number][Unit][ActIngreName][Number][Unit][ActIngreName][Number][Unit][ActIngreName][Number][Unit][ActIngreName][Number][Unit][ActIngreName][Number][Unit][ActIngreName][Number][Unit]上記生薬より抽出した[Form][Number][Unit]を含有する,2
本薬[Number][Unit]（[Number][Unit]）中<<BR>>[ActIngreName][Number][Unit][ActIngreName][Number][Unit][ActIngreName][Number][Unit][ActIngreName][Number][Unit][ActIngreName][Number][Unit]<<BR>>上記の混合生薬より抽出した[Kampo][Form][Number][Unit]を含有する,2
本品[Number][Unit]中下記の混合生薬より抽出した[Form][Number][Unit]を含有する[ActIngreName]…[Number][Unit][ActIngreName]…[Number][Unit][ActIngreName]…[Number][Unit][ActIngreName]…[Number][Unit][ActIngreName]…[Number][Unit][ActIngreName]…[Number][Unit],2
本品[Number][Unit]中（[ActIngreName][Number][Unit]）（[ActIngreName][Number][Unit]）（[ActIngreName][Number][Unit]）（[ActIngreName][Number][Unit]）（[ActIngreName][Number][Unit]）（[ActIngreName][Number][Unit]）[Kampo][Form][Number][Unit]を含有する,2
本品[Number][Unit]中（[ActIngreName][Number][Unit]）（[ActIngreName][Number][Unit]）（[ActIngreName][Number][Unit]）（[ActIngreName][Number][Unit]）[Kampo][Form][Number][Unit]を含有する,2
本薬[Number][Unit]（[Number][Unit]）中<BR>[ActIngreName][Number][Unit][ActIngreName][Number][Unit][ActIngreName][Number][Unit][ActIngreName][Number][Unit][ActIngreName][Number][Unit][ActIngreName][Number][Unit][ActIngreName][Number][Unit][ActIngreName][Number][Unit][ActIngreName][Number][Unit][ActIngreName][Number][Unit][ActIngreName][Number][Unit][ActIngreName][Number][Unit][ActIngreName][Number][Unit][ActIngreName][Number][Unit][ActIngreName][Number][Unit][ActIngreName][Number][Unit][ActIngreName][Number][Unit][ActIngreName][Number][Unit]上記の混合生薬より抽出した[Kampo][Form][Number][Unit]を含有する,2
本剤[Number][Unit]中に[ActIngreName]より抽出した[Form][Number][Unit]を含有する,2
製法の概要<BR>本剤は組換えＤＮＡ技術を応用して酵母により産生された[ActIngreName]を含む[Form]に[ActIngreName]塩を加えて[ActIngreName]を不溶性とした[Form]である<<BR>>組成<BR>本剤は[Number][Unit]（[Number][Unit]）中に次の成分を含有する<<BR>>有効成分<BR>[ActIngreName]（[ActIngreName]）：[Number][Unit],2
組成性状<BR>本剤は血[Form]保存[Form]（[ActIngreShortName]Ｄ[Form]）を[Number][Unit]混合した[ActIngreName][Number][Unit]から白血球の大部分を除去した濃[Color]の[Form]であり静置するとき赤血球の沈層と[Color]の[Form]層とに分かれる[Form]層は脂肪により混濁することがありまたヘモグロビンによる弱い着色を認めることがある［採血国：日本］［採血方法：献血］<<BR>>血[Form]保存[Form]（[ActIngreShortName]Ｄ[Form]）<BR>[ActIngreName][Number][Unit][ActIngreName][Number][Unit][ActIngreName][Number][Unit][ActIngreName][Number][Unit][ActIngreName]を加えて溶かし全量を[Number][Unit]とする,2
組成性状<BR>本剤は[ActIngreName][Number][Unit]から白血球及び血漿の大部分を除去し洗浄したＯ型の赤血球層に白血球の大部分を除去したＡＢ型のヒト血漿を[ActIngreName][Number][Unit]に由来する相当量加えた濃[Color]の[Form]であり静置するとき赤血球の沈層と[Color]の[Form]層とに分かれる[Form]層は脂肪により混濁することがありまたヘモグロビンによる弱い着色を認めることがあるなおヒト血漿には原料血[Form]由来の血[Form]保存[Form]（[ActIngreShortName]Ｄ[Form]）（[ActIngreName][Number][Unit]に対し[Number][Unit]混合）を含有する［採血国：日本］［採血方法：献血］<<BR>>血[Form]保存[Form]（[ActIngreShortName]Ｄ[Form]）<BR>[ActIngreName][Number][Unit][ActIngreName][Number][Unit][ActIngreName][Number][Unit][ActIngreName][Number][Unit][ActIngreName]を加えて溶かし全量を[Number][Unit]とする,2
組成性状<BR>本剤は[ActIngreName][Number][Unit]から白血球及び血漿の大部分を除去した赤血球層に凍害保護[Form]を加えて凍結保存したものを解凍後凍害保護[Form]を洗浄除去したもので最終洗浄[Form]を少量含有する[Color]の[Form]であり他の赤血球製剤と比べて[Number][Unit]中の上清ヘモグロビン量の多いことが認められる［採血国：日本］［採血方法：献血］<<BR>>最終洗浄[Form]<BR>[ActIngreName][Number][Unit][ActIngreName][Number][Unit][ActIngreName][Number][Unit][ActIngreName][Number][Unit][ActIngreName]を加えて溶かし全量を[Number][Unit]とする,2
組成性状<BR>本剤は血[Form]保存[Form]（[ActIngreShortName]Ｄ[Form]）を[Number][Unit]混合した[ActIngreName][Number][Unit]から白血球及び血漿の大部分を除去した赤血球層に赤血球保存用添加[Form]（ＭＡＰ[Form]）を約[Number][Unit]混和したもので[ActIngreShortName]Ｄ[Form]を少量含有する濃[Color]の[Form]であり静置するとき主として赤血球からなる沈層と[Color]の[Form]層とに分かれる[Form]層はヘモグロビンによる着色を認めることがある［採血国：日本］［採血方法：献血］<<BR>>血[Form]保存[Form]（[ActIngreShortName]Ｄ[Form]）<BR>[ActIngreName][Number][Unit][ActIngreName][Number][Unit][ActIngreName][Number][Unit][ActIngreName][Number][Unit][ActIngreName]を加えて溶かし全量を[Number][Unit]とする<<BR>>赤血球保存用添加[Form]（ＭＡＰ[Form]）<BR>[ActIngreName][Number][Unit][ActIngreName][Number][Unit][ActIngreName][Number][Unit][ActIngreName][Number][Unit][ActIngreName][Number][Unit][ActIngreName][Number][Unit][ActIngreName][Number][Unit][ActIngreName]を加えて溶かし全量を[Number][Unit]とする,2
組成性状<BR>本剤は血[Form]保存[Form]（[ActIngreShortName]Ｄ[Form]）を[Number][Unit]混合した[ActIngreName][Number][Unit]から白血球の大部分を除去し分離した新鮮な血漿を凍結したもので融解するとき[Color]ないし[Color]の[Form]となり脂肪により混濁することがある[Number][Unit]由来の本剤には約[Number][Unit]（[Number][Unit]）の[ActIngreName]が含まれている［採血国：日本］［採血方法：献血］<<BR>>血[Form]保存[Form]（[ActIngreShortName]Ｄ[Form]）<BR>[ActIngreName][Number][Unit][ActIngreName][Number][Unit][ActIngreName][Number][Unit][ActIngreName][Number][Unit][ActIngreName]を加えて溶かし全量を[Number][Unit]とする,2
組成性状<BR>本剤は[ActIngreName][Number][Unit]から白血球及び血漿の大部分を除去した赤血球層を生理[ActIngreName][Form]で洗浄した後同[Form]を加えて全量を[Number][Unit]とした濃[Color]の[Form]である静置するとき主として赤血球からなる沈層と[Color]な[Form]層とに分かれ[Form]層はヘモグロビンによる弱い着色を認めることがある［採血国：日本］［採血方法：献血］,2
組成性状<BR>本剤は[ActIngreName][Number][Unit]から白血球及び血漿の大部分を除去した赤血球層に凍害保護[Form]を加えて凍結保存したものを解凍後凍害保護[Form]を洗浄除去したもので最終洗浄[Form]を少量含有する[Color]の[Form]であり他の赤血球製剤と比べて[Number][Unit]中の上清ヘモグロビン量の多いことが認められる［採血国：日本］［採血方法：献血］本剤には輸血による移植片対宿主病（ＧＶＨＤ：ｇｒａｆｔｖｅｒｓｕｓｈｏｓｔｄｉｓｅａｓｅ）[Number]）を予防する目的で[Number][Unit]以上[Number][Unit]以下の放射線が照射されており本剤は放射線を照射しない製剤よりも保存に伴い上清中の[ActIngreName]濃度が増加することが認められる［[Number][Unit]由来の本剤[Number][Unit]に含まれる上清中の総[ActIngreName]量（[ActIngreName]濃度）は製造直後で平均[Number][Unit]（[Number][Unit]）製造後[Number]時間で平均[Number][Unit]（[Number][Unit]）である放射線を照射しない場合は製造後[Number]時間で平均[Number][Unit]（[Number][Unit]）である］数値は採血当日の[Number][Unit]由来赤血球濃厚[Form]−ＬＲ「日赤」に[Number][Unit]の放射線を照射しこれを原料として採血後[Number]日目に冷凍した赤血球を解凍し製造した場合のもの（ｎ＝[Number]）<<BR>>最終洗浄[Form]<BR>[ActIngreName][Number][Unit][ActIngreName][Number][Unit][ActIngreName][Number][Unit][ActIngreName][Number][Unit][ActIngreName]を加えて溶かし全量を[Number][Unit]とする,2
組成性状<BR>本剤は[ActIngreName][Number][Unit]から白血球及び血漿の大部分を除去し洗浄したＯ型の赤血球層に白血球の大部分を除去したＡＢ型のヒト血漿を[ActIngreName][Number][Unit]に由来する相当量加えた濃[Color]の[Form]であり静置するとき赤血球の沈層と[Color]の[Form]層とに分かれる[Form]層は脂肪により混濁することがありまたヘモグロビンによる弱い着色を認めることがあるなおヒト血漿には原料血[Form]由来の血[Form]保存[Form]（[ActIngreShortName]Ｄ[Form]）（[ActIngreName][Number][Unit]に対し[Number][Unit]混合）を含有する［採血国：日本］［採血方法：献血］本剤には輸血による移植片対宿主病（ＧＶＨＤ：ｇｒａｆｔｖｅｒｓｕｓｈｏｓｔｄｉｓｅａｓｅ）[Number]）を予防する目的で[Number][Unit]以上[Number][Unit]以下の放射線が照射されており本剤は放射線を照射しない製剤よりも保存に伴い上清中の[ActIngreName]濃度が増加することが認められる［[Number][Unit]由来の本剤[Number][Unit]に含まれる上清中の総[ActIngreName]量（[ActIngreName]濃度）は製造直後で平均[Number][Unit]（[Number][Unit]）製造後[Number]時間で平均[Number][Unit]（[Number][Unit]）である放射線を照射しない場合は製造後[Number]時間で平均[Number][Unit]（[Number][Unit]）である］<<BR>>数値は採血当日の[Number][Unit]由来赤血球濃厚[Form]−ＬＲ「日赤」に[Number][Unit]の放射線を照射し採血後[Number]日目に製造した場合のもの（ｎ＝[Number]）<<BR>>血[Form]保存[Form]（[ActIngreShortName]Ｄ[Form]）<BR>[ActIngreName][Number][Unit][ActIngreName][Number][Unit][ActIngreName][Number][Unit][ActIngreName][Number][Unit][ActIngreName]を加えて溶かし全量を[Number][Unit]とする,2
組成性状<BR>本剤は[ActIngreName][Number][Unit]から白血球及び血漿の大部分を除去した赤血球層を生理[ActIngreName][Form]で洗浄した後同[Form]を加えて全量を[Number][Unit]とした濃[Color]の[Form]である静置するとき主として赤血球からなる沈層と[Color]な[Form]層とに分かれ[Form]層はヘモグロビンによる弱い着色を認めることがある［採血国：日本］［採血方法：献血］本剤には輸血による移植片対宿主病（ＧＶＨＤ：ｇｒａｆｔｖｅｒｓｕｓｈｏｓｔｄｉｓｅａｓｅ）[Number]）を予防する目的で[Number][Unit]以上[Number][Unit]以下の放射線が照射されており本剤は放射線を照射しない製剤よりも保存に伴い上清中の[ActIngreName]濃度が増加することが認められる［[Number][Unit]由来の本剤[Number][Unit]に含まれる上清中の総[ActIngreName]量（[ActIngreName]濃度）は製造直後で平均[Number][Unit]（[Number][Unit]）製造後[Number]時間で平均[Number][Unit]（[Number][Unit]）である放射線を照射しない場合は製造後[Number]時間で平均[Number][Unit]（[Number][Unit]）である］<<BR>>数値は採血当日の[Number][Unit]由来赤血球濃厚[Form]−ＬＲ「日赤」に[Number][Unit]の放射線を照射し採血後[Number]日目に製造した場合のもの（ｎ＝[Number]）,2
本剤[Number][Unit]中の組成は下記のとおりである<<BR>>有効成分<BR>[ActIngreName]（[ActIngreName]）：[Number][Unit],2
本剤は人血漿中の[ActIngreName]を含む[Form]で[Number][Unit]（[Number][Unit]）中に下記の成分を含有する<<BR>>規格<BR>[Number][Unit]中<<BR>>有効成分<BR>[ActIngreName]：[Number][Unit],2
有効成分：[ActIngreName]<BR>[Number][Unit]中の分量[Number][Unit]：[Number][Unit]備考[ActIngreName]採血国：ドイツ採血の区分：献血採血国：米国採血の区分：非献血,2
本剤は人血漿中の[ActIngreName]を含む[Form]で[Number][Unit]（[Number][Unit]）中に下記の成分を含有する<<BR>>規格<BR>[Number][Unit]<<BR>>有効成分<BR>[ActIngreName]：[Number][Unit],2
有効成分〔[Number][Unit]中（[Number][Unit]）〕<BR>[ActIngreName][Number][Unit],2
本剤は[Number][Unit]中に下記の成分を含む<<BR>>有効成分[Number][Unit]中（[Number][Unit]）<BR>[ActIngreName][Number][Unit]（備考採血国：日本採血方法：献血）,2
有効成分：[ActIngreName]<BR>[Number][Unit]中の分量[Number][Unit]：[Number][Unit]備考[ActIngreName]採血国：米国ドイツオーストリア採血の区分：非献血,2
本剤[Number][Unit]（[Number][Unit]）中の組成は下記のとおりである<<BR>>有効成分<BR>[ActIngreName]：[Number][Unit],2
本剤はヒトの[ActIngreName]を含む[Form]で[Number][Unit]中に下記の成分を含有する<<BR>>有効成分<BR>[ActIngreName]：[Number][Unit],2
[BrandName][Number][Unit]中<<BR>>有効成分<BR>[ActIngreName][Number][Unit]注[Number]）採血国：米国採血の区別：非献血注[Number]）,2
本剤はヒトの[ActIngreName]中の「[ActIngreName]」を含む乾燥製剤で[Number][Unit]製剤と[Number][Unit]製剤の[Number]種類があり[Number][Unit]中に各々下記の成分を含有する<<BR>>規格<BR>[Number][Unit]製剤<<BR>>有効成分<BR>[ActIngreName]：[Number][Unit],2
本剤は[ActIngreName]を含む[Form]で[Number][Unit]中に下記の成分を含有する<<BR>>有効成分<BR>[ActIngreName]：[Number][Unit],2
本剤はヒトの血[Form]を原料として製剤化された[ActIngreName]製剤で[Number][Unit]（[Number][Unit]）中に下記の成分を含有する[Form]である<<BR>>有効成分<BR>[ActIngreName]：[Number][Unit]備考[ActIngreName]採血国：日本採血の区分：献血,2
本剤は[Number][Unit]中に次の成分及び分量を含有する凍結乾燥製品であるなお<<BR>>有効成分<BR>生きた[ActIngreName]（[Fomula]）（含[Form]量[Number][Unit]の湿菌として）[Number][Unit],2
製法の概要<BR>本剤はヒト型結核菌（青山Ｂ株）の培養を加熱殺菌し除菌ろ過しそのろ[Form]から結核感染者やＢＣＧ被接種者に特異的な皮膚反応を起こす活性物質を分離精製しこれを凍結乾燥して得た[Form]を[Number][Unit]乳糖[Form]に溶かして分注し凍結乾燥したものであるなお本剤は製造工程でニワトリの卵を使用している<<BR>>組成<BR>本剤は注射量[Number][Unit]中にそれぞれ次の成分及び分量を含有する<<BR>>有効成分分量<BR>[ActIngreName]（標準品相当量）[Number][Unit]相当量,2
[BrandName]は[Number][Unit]中に下記成分分量を含有する[Form]で用時溶解して用いる,2
成分（[Number][Unit]（[Number][Unit]）中）有効成分含有量<BR>[ActIngreName][ActIngreName]（遺伝子組換え）[Number][Unit]（[ActIngreName][ActIngreName]（遺伝子組換え）として）,2
[ActIngreName]（[Number]Ｉ）[Form][Number][Unit]中[ActIngreName]（[Number]Ｉ）[Form]（検定日時において）[Number][Unit],1
[Number][Unit]中[ActIngreName]（[Number]Ｉ）[Number][Unit]（検定日時）,1
本品は次のものから構成されている<<BR>>[Number]．放射性医薬品基準[ActIngreName]（[Number][Unit]Ｔｃ）[Form]ジェネレータ…[Number][Unit]表示された日時においてモリブデン[Number]（[Number]Ｍｏ）としてそれぞれ次の放射能を含む[Number][Unit][Number][Unit][Number][Unit][Number][Unit][Number][Unit][Number][Unit][Number][Unit][Number][Unit]<<BR>>[Number]．生理[ActIngreName][Form]…[Number][Unit]（[Number][Unit]）<<BR>>[Number]．[CaseName][Number]又は[CaseName][Number]又は[CaseName][Number]…[Number][Unit]（必要時[Number][Unit]添付）ガラス製の減圧[ActIngreName]<<BR>>[Number]．溶出用注射針…[Number][Unit]外径[Number][Unit]長さ[Number][Unit]のディスポーザブル注射針<<BR>>[Number]．[CaseName]…[Number][Unit]（必要時添付）[ActIngreName][Number][Unit]長さ[Number][Unit]の[CaseName]の両端に接続具（ポリプロピレン製）を付したもの<<BR>>[Number]．エリューション[Form]ド…[Number][Unit]（必要時添付）,1
本剤は[Form]性の[Form]で[ActIngreName]を[ActIngreName]の形で含む[Number][Unit]（[Number][Unit]）中[ActIngreName]（[Number][Unit]Ｔｃ）（検定日時において）[Number][Unit]<<BR>>[Number]−[ActIngreName]（[ActIngreShortName]）[Number][Unit],1
本剤は[Form]性の[Form]で[ActIngreName]を[ActIngreName]の形で含む[Number][Unit]（[Number][Unit]）中[ActIngreName]（[Number][Unit]Ｔｃ）（検定日時において）[Number][Unit][ActIngreName]（[Number][Unit]Ｔｃ）[Form][Number][Unit][ActIngreName][Number][Unit],1
本品は[ActIngreName]（[Number][Unit]Ｔｃ）[Form]調製用のセットである[Number]．[ActIngreName]（[Number][Unit]Ｔｃ）[Form][Number][Unit]（[Number][Unit]）中[ActIngreName]（検定日時において）[Number][Unit][Number]．注射用[ActIngreName][Form][Number][Unit]（[Number][Unit]）中[ActIngreName][Number][Unit],1
本品は[ActIngreName]（[Number][Unit]Ｔｃ）[Form]調製用の[Form]である[Number][Unit]（[Number][Unit]分）は下記[Number]品目の組合せよりなる[Number]．注射用[ActIngreName][Form][Number][Unit][Number][Unit]（[Number][Unit]）中[ActIngreName][Number][Unit]<<BR>>[Number]．[CaseName]（[Number][Unit]）[Number][Unit]<<BR>>[Number]．[CaseName][Number][Unit],1
[Number][Unit]中[ActIngreName][Number][Unit],1
有効成分<BR>[Number][Unit]中[ActIngreName]（結晶）[Number][Unit],1
[Number][Unit]（[Number][Unit]）中[ActIngreName]（検定日時において）[Number][Unit][ActIngreName][Number][Unit]本剤の成分である[ActIngreName]には[ActIngreName]（採血国：日本献血）が使用されている,1
[Number][Unit]（容量[Number][Unit]）中[ActIngreName][Number][Unit],1
容量<BR>[Number][Unit]<<BR>>[ActIngreName]（[Number][Unit]Ｔｃ）<BR>[Number][Unit]（検定日時）,1
本剤は[Form]性の[Form]で[ActIngreName]を[ActIngreName]の形で含む[Number][Unit]中[ActIngreName]（[Number][Unit]Ｔｃ）[ActIngreName]として（検定日時において）[Number][Unit][ActIngreName][Form][Number][Unit][ActIngreName][Number][Unit],1
本剤は[Form]性の[Form]で[ActIngreName]を[ActIngreName]の形で含む[Number][Unit]（[Number][Unit]）中[ActIngreName]（[Number][Unit]Ｔｃ）（検定日時において）[Number][Unit][ActIngreName][Number][Unit],1
本品は放射性医薬品基準[ActIngreName]（[Number][Unit]Ｔｃ）[Form]調製用[Form]である[Number][Unit]中[ActIngreName][Number][Unit],1
本品は放射性医薬品基準[ActIngreName]（[Number][Unit]Ｔｃ）[Form]調製用[Form]である[Number][Unit]中[Number]−[ActIngreName]（[ActIngreShortName]）[Number][Unit],1
本品は放射性医薬品基準[ActIngreName]テクネチウム（[Number][Unit]Ｔｃ）[Form]調製用[Form]である[Number][Unit]中[ActIngreName][Number][Unit],1
本剤は[Form]性の[Form]で[ActIngreName]を[ActIngreName]の形で含む[Number][Unit]（[Number][Unit]）中[ActIngreName]（検定日時において）[Number][Unit][ActIngreName][Number][Unit][ActIngreName]（[ActIngreName]として）[Number][Unit],1
本剤は[Form]性の[Form]で[ActIngreName]を[ActIngreName]の形で含む[Number][Unit]中[ActIngreName]（[Number]Ｉｎ）（検定日時において）[Number][Unit]<<BR>>[ActIngreName]（[ActIngreShortName]）[Number][Unit],1
[Number][Unit]（容量[Number][Unit]）中[ActIngreName]（[Number]Ｃｒ）（検定日時）<BR>[Number][Unit],1
本品は[ActIngreName]を[ActIngreName]（[Number]Ｒｂ）の形で[CaseName]中に充てんした陽イオン交換樹脂に吸着させこれに[ActIngreName]（[Number][Unit][Fomula]）[Form]及び[ActIngreName]（[Number][Unit][Fomula]）[Form]を溶出させるのに必要な装置及び不必要な被曝をさけるためのしゃへい装置を合わせたものである本品は次のものからなる<<BR>>[ActIngreName]：[Number][Unit]検定日時において[ActIngreName]として[Number][Unit]又は[Number][Unit]の放射能を含む供給チューブ：[Number][Unit]延長管：[Number][Unit][ActIngreName]：[Number][Unit][Number]Ｇ注射針：[Number][Unit]<<BR>>本品の[CaseName]中に[Number][Unit][ActIngreName][Form]又は[ActIngreName]などの非電解質[Form]を通じることにより[ActIngreName]（[Number][Unit][Fomula]）[Form]をまた加湿した[ActIngreName]又は空気を通じることにより[ActIngreName]（[Number][Unit][Fomula]）[Form]をそれぞれ溶出することができる,1
[Number][Unit]（容量[Number][Unit]）中[ActIngreName]：[Number][Unit]（検定日時）,1
[Number][Unit]（容量[Number][Unit]）中[Number][ActIngreName]（[Number]Ｉ）[Number][Unit]（検定日時）,1
[Number][Unit]中[ActIngreName]（[Number]Ｇａ）（検定日時において）[Number][Unit][Number][Unit][ActIngreName][Number][Unit]（[ActIngreName][Number][Unit]）（添加物[ActIngreName]適量）,1
[Number][Unit]（容量[Number][Unit]）中[ActIngreName]（[Number]Ｇａ）[Number][Unit]（検定日時）,1
[BrandName]射[Form][Number][Unit]（[Number][Unit]）中[ActIngreName]（[Number]Ｉｎ）（検定日時において）[Number][Unit],1
本剤は[Form]性の[Form]でタリウム−[Number]を[ActIngreName]の形で含む[Number][Unit]中[ActIngreName]（[Number]Ｔｌ）（検定日時において）[Number][Unit],1
[Number][Unit]（容量[Number][Unit]）中[ActIngreName]（[Number]Ｔｌ）[Form][Number][Unit]（検定日時）,1
組成<BR>本剤は[Form]性の[Form]で[ActIngreName]を[ActIngreName]の形で含む[Number][Unit]（[Number][Unit]）中[ActIngreName]（検定日時において）[Number][Unit][ActIngreName][Number][Unit][ActIngreName][Number][Unit],1
本品は[Form]性の[Form]で[ActIngreName]を[ActIngreName]の形で含む[Number][Unit]（[Number][Unit]）中[ActIngreName]（検定日時において）[Number][Unit][ActIngreName][Number][Unit],1
[Number][Unit]中テトラキス（[ActIngreName]）[ActIngreName]（Ｉ）[ActIngreName][Number][Unit],1
本品は[CaseName]Ａ及び[CaseName]Ｂの[Number][Unit]にて構成される<<BR>>[CaseName]Ａ<BR>ＮＮ’−（[Number]−エチレン）ビス−[ActIngreName]ジエチルエステル二塩酸塩[Number][Unit],1
[Number][Unit]（容量[Number][Unit]）中［ＮＮ’−エチレンジ−Ｌ−システイネート（[Number]）］オキソテクネチウム（[Number][Unit]Ｔｃ）ジエチルエステル放射能として[Number][Unit]（検定日時）ＮＮ’−（[Number]−エチレン）ビス−[ActIngreName]ジエチルエステル二塩酸塩として[Number][Unit],1
本品は放射性医薬品基準[ActIngreName]（[Number][Unit]Ｔｃ）[Form]調製用[Form]である[Number][Unit]中[ActIngreName][Number][Unit][ActIngreName][Number][Unit],1
本剤は[CaseName]に充てんされ[CaseName]（[CaseName]）に収められた[Form]性の[Form]で[ActIngreName]−[Number]を[ActIngreName]の形で含む[Number][Unit]中[ActIngreName]（[Number]Ｉ）（検定日時において）[Number][Unit][ActIngreName][Number][Unit],1
本剤は[Form]性の[Form]で[Number][Unit]（[Number][Unit]）中に[ActIngreName]を[ActIngreName]（[Number]Ｓｒ）として含む[Number][Unit]（[Number][Unit]）中[ActIngreName]として（検定日において）[Number][Unit][ActIngreName][Number][Unit],1
[Number][Unit]は下記の組合せよりなる．[Number][Unit]中<<BR>>名称<BR>[ActIngreName][Form]<<BR>>容量<BR>[Number][Unit]<<BR>>[Number][Unit]中の成分含量<BR>有効成分：[ActIngreName]（遺伝子組換え）：[Number][Unit],1
[Number][Unit]（容量[Number][Unit]）中[ActIngreName][Number]（[Number]Ｘｅ）[Number][Unit]（検定日時）,1
本剤は[ActIngreName]（[Number]Ｘｅ）[Form]を[CaseName]内に封入したものである[Number][Unit]中[ActIngreName]（[Number]Ｘｅ）[Form]（検定日時において）[Number][Unit],1
本品は「アロエ」を[Form]としたものである,1
[Number][Unit]中[BrandName][Number][Unit]含有,1
[Number][Unit]中[ActIngreName][Number][Unit]含有,1
組成<BR>本品[Number][Unit]中[ActIngreName][Number][Unit]含有,1
成分含量（[Number][Unit]中）<BR>[ActIngreName][Number][Unit],1
本品は[ActIngreName]を刻んだものである,1
[BrandName],1
「[ActIngreName]」を[Form]にしたものである,1
本品は[ActIngreName]を[Form]にしたものである,1
[ActIngreName]本品は[ActIngreName]ＣｒｏｃｕｓｓａｔｉｖｕｓＬｉｎｎｅ（Ｉｒｉｄａｃｅａｅ）の柱頭である,1
本品は[ActIngreName]（高圧蒸気処理により加工したもの）を刻んだものである,1
[ActIngreName]を[Form]としたものである,1
[ActIngreName]を小片若しくは小[Form]に切断したものである,1
本品[Number][Unit]中[ActIngreName][Number][Unit][ActIngreName][Number][Unit][ActIngreName][Number][Unit][ActIngreName][Number][Unit][ActIngreName][Number][Unit][ActIngreName][Number][Unit][ActIngreName][Number][Unit]上記の分量で混合した生薬の[Form]（[Kampo][Form]−ＡＴ）[Number][Unit]を含有する,1
本剤[Number][Unit]中[ActIngreName][Number][Unit][ActIngreName][Number][Unit][ActIngreName][Number][Unit][ActIngreName][Number][Unit][ActIngreName][Number][Unit][ActIngreName][Number][Unit][ActIngreName][Number][Unit][ActIngreName][Number][Unit][ActIngreName][Number][Unit][ActIngreName][Number][Unit][ActIngreName][Number][Unit]上記の混合生薬より抽出した[Kampo]の[Form][Number][Unit]と[ActIngreName][Number][Unit]を含有する,1
[Number]）本剤は[Number][Unit][Number][Unit]中下記の混合生薬より抽出した[Kampo][Form][Number][Unit]を含有する[ActIngreName][Number][Unit][ActIngreName][Number][Unit][ActIngreName][Number][Unit][ActIngreName][Number][Unit][ActIngreName][Number][Unit][ActIngreName][Number][Unit],1
本品[Number][Unit]中下記の割合の混合生薬の[Form][Number][Unit]と[ActIngreName][Number][Unit]を含有する[ActIngreName][Number][Unit][ActIngreName][Number][Unit][ActIngreName][Number][Unit][ActIngreName][Number][Unit][ActIngreName][Number][Unit][ActIngreName][Number][Unit],1
本品[Number][Unit]中下記の割合の混合生薬の[Form]〔[Kampo]（[KampoYomi]）[Form]−ＡＴ〕[Number][Unit]を含有する[ActIngreName][Number][Unit][ActIngreName][Number][Unit][ActIngreName][Number][Unit][ActIngreName][Number][Unit],1
本品[Number][Unit]中[ActIngreName][Number][Unit][ActIngreName][Number][Unit][ActIngreName][Number][Unit][ActIngreName][Number][Unit][ActIngreName][Number][Unit][ActIngreName][Number][Unit]上記の分量で混合した生薬の[Form]（[Kampo][Form]−ＡＴ）[Number][Unit]を含有する,1
本剤[Number][Unit]中[ActIngreName][Number][Unit][ActIngreName][Number][Unit][ActIngreName][Number][Unit][ActIngreName][Number][Unit][ActIngreName][Number][Unit][ActIngreName][Number][Unit][ActIngreName][Number][Unit]上記の混合生薬より抽出したかっ根湯[Form][Number][Unit]を含有する,1
本剤はかっ根湯の[Form]に賦形剤（[ActIngreName]）を加えて製したものである本剤[Number][Unit]中[ActIngreName][Number][Unit][ActIngreName][Number][Unit][ActIngreName][Number][Unit][ActIngreName][Number][Unit][ActIngreName][Number][Unit][ActIngreName][Number][Unit][ActIngreName][Number][Unit]上記の混合生薬より抽出したかっ根湯の[Form][Number][Unit]を含有する,1
組成<BR>本品[Number][Unit]中下記の混合生薬より抽出した[Form][Number][Unit]を含有する[ActIngreName]…[Number][Unit][ActIngreName]…[Number][Unit][ActIngreName]…[Number][Unit][ActIngreName]…[Number][Unit][ActIngreName]…[Number][Unit][ActIngreName]…[Number][Unit][ActIngreName]…[Number][Unit],1
含量：<BR>本剤[Number][Unit]中[ActIngreName][Number][Unit][ActIngreName][Number][Unit][ActIngreName][Number][Unit][ActIngreName][Number][Unit][ActIngreName][Number][Unit][ActIngreName][Number][Unit][ActIngreName][Number][Unit]上記の混合生薬より抽出したかっ根湯[Form][Number][Unit]を含有する,1
本品[Number][Unit]中（[ActIngreName][Number][Unit]）（[ActIngreName][Number][Unit]）（[ActIngreName][Number][Unit]）（[ActIngreName][Number][Unit]）（[ActIngreName][Number][Unit]）（[ActIngreName][Number][Unit]）（[ActIngreName][Number][Unit]）上記より製したかっ根湯[Form][Number][Unit]を含有する（本品は[Form]を使用しており[Form][Number][Unit]は[Form][Number][Unit]に相当する）,1
本剤[Number][Unit]中[ActIngreName][Number][Unit][ActIngreName][Number][Unit][ActIngreName][Number][Unit][ActIngreName][Number][Unit][ActIngreName][Number][Unit][ActIngreName][Number][Unit][ActIngreName][Number][Unit][ActIngreName][Number][Unit][ActIngreName][Number][Unit]上記の混合生薬より抽出したかっ根湯加辛夷川きゅうの[Form][Number][Unit]を含有する,1
本剤はかっ根湯加川きゅう辛夷の[Form]に賦形剤（[ActIngreName]）を加えて製したものである本剤[Number][Unit]中[ActIngreName][Number][Unit][ActIngreName][Number][Unit][ActIngreName][Number][Unit][ActIngreName][Number][Unit][ActIngreName][Number][Unit][ActIngreName][Number][Unit][ActIngreName][Number][Unit][ActIngreName][Number][Unit][ActIngreName][Number][Unit]上記の混合生薬より抽出したかっ根湯加川きゅう辛夷の[Form][Number][Unit]を含有する,1
組成<BR>本品[Number][Unit]中下記の混合生薬より抽出した[Form][Number][Unit]を含有する[ActIngreName]…[Number][Unit][ActIngreName]…[Number][Unit][ActIngreName]…[Number][Unit][ActIngreName]…[Number][Unit][ActIngreName]…[Number][Unit][ActIngreName]…[Number][Unit][ActIngreName]…[Number][Unit][ActIngreName]…[Number][Unit][ActIngreName]…[Number][Unit],1
含量：<BR>本剤[Number][Unit]中[ActIngreName][Number][Unit][ActIngreName][Number][Unit][ActIngreName][Number][Unit][ActIngreName][Number][Unit][ActIngreName][Number][Unit][ActIngreName][Number][Unit][ActIngreName][Number][Unit][ActIngreName][Number][Unit][ActIngreName][Number][Unit]上記の混合生薬より抽出したかっ根湯加川きゅう辛夷[Form][Number][Unit]を含有する,1
本剤は[Kampo]の[Form]に賦形剤（[ActIngreName]）を加えて製したものである本剤[Number][Unit]中[ActIngreName][Number][Unit][ActIngreName][Number][Unit][ActIngreName][Number][Unit][ActIngreName][Number][Unit][ActIngreName][Number][Unit][ActIngreName][Number][Unit][ActIngreName][Number][Unit][ActIngreName][Number][Unit][ActIngreName][Number][Unit][ActIngreName][Number][Unit][ActIngreName][Number][Unit][ActIngreName][Number][Unit][ActIngreName][Number][Unit][ActIngreName][Number][Unit][ActIngreName][Number][Unit]上記の混合生薬より抽出した[Kampo]の[Form][Number][Unit]を含有する,1
本剤は[Number][Unit][Number][Unit]中下記生薬より抽出した[Form]（[Kampo][Form]）[Number][Unit]を含有する[ActIngreName][Number][Unit][ActIngreName][Number][Unit][ActIngreName][Number][Unit][ActIngreName][Number][Unit][ActIngreName][Number][Unit][ActIngreName][Number][Unit][ActIngreName][Number][Unit][ActIngreName][Number][Unit][ActIngreName][Number][Unit][ActIngreName][Number][Unit][ActIngreName][Number][Unit][ActIngreName][Number][Unit][ActIngreName][Number][Unit][ActIngreName][Number][Unit],1
本品[Number][Unit]中[ActIngreName][Number][Unit][ActIngreName][Number][Unit][ActIngreName][Number][Unit][ActIngreName][Number][Unit][ActIngreName][Number][Unit][ActIngreName][Number][Unit][ActIngreName][Number][Unit][ActIngreName][Number][Unit][ActIngreName][Number][Unit][ActIngreName][Number][Unit][ActIngreName][Number][Unit][ActIngreName][Number][Unit][ActIngreName][Number][Unit][ActIngreName][Number][Unit][ActIngreName][Number][Unit]上記生薬より抽出した[Form][Number][Unit]を含有する,1
本品[Number][Unit]中下記の割合の混合生薬の[Form][Number][Unit]を含有する[ActIngreName][Number][Unit][ActIngreName][Number][Unit][ActIngreName][Number][Unit][ActIngreName][Number][Unit][ActIngreName][Number][Unit][ActIngreName][Number][Unit][ActIngreName][Number][Unit][ActIngreName][Number][Unit][ActIngreName][Number][Unit][ActIngreName][Number][Unit][ActIngreName][Number][Unit][ActIngreName][Number][Unit][ActIngreName][Number][Unit][ActIngreName][Number][Unit],1
本品[Number][Unit]中（[ActIngreName][Number][Unit]）（[ActIngreName][Number][Unit]）（[ActIngreName][Number][Unit]）（[ActIngreName][Number][Unit]）（[ActIngreName][Number][Unit]）（[ActIngreName][Number][Unit]）（[ActIngreName][Number][Unit]）（[ActIngreName][Number][Unit]）（[ActIngreName][Number][Unit]）（[ActIngreName][Number][Unit]）上記より製した[Kampo][Form][Number][Unit]を含有する（本品は[Form]を使用しており[Form][Number][Unit]は[Form][Number][Unit]に相当する）,1
本品[Number][Unit]中下記の割合の混合生薬の[Form]〔[Kampo]（[KampoYomi]リョウ）[Form]〕[Number][Unit]を含有する[ActIngreName][Number][Unit][ActIngreName][Number][Unit][ActIngreName][Number][Unit][ActIngreName][Number][Unit][ActIngreName][Number][Unit][ActIngreName][Number][Unit][ActIngreName][Number][Unit][ActIngreName][Number][Unit][ActIngreName][Number][Unit][ActIngreName][Number][Unit],1
本薬[Number][Unit]（[Number][Unit]）中<BR>[ActIngreName][Number][Unit]上記の生薬より抽出した[Kampo][Form][Number][Unit]を含有する,1
本剤[Number][Unit]中[ActIngreName][Number][Unit][ActIngreName][Number][Unit]上記の混合生薬より抽出した[Kampo]の[Form][Number][Unit]を含有する,1
本剤[Number][Unit]中[ActIngreName][Number][Unit][ActIngreName][Number][Unit][ActIngreName][Number][Unit][ActIngreName][Number][Unit][ActIngreName][Number][Unit][ActIngreName][Number][Unit]上記の混合生薬より抽出したきゅう帰膠がい湯の[Form][Number][Unit]と[ActIngreName][Number][Unit]を含有する,1
本薬[Number][Unit]（[Number][Unit]）中<BR>[ActIngreName][Number][Unit][ActIngreName][Number][Unit][ActIngreName][Number][Unit][ActIngreName][Number][Unit][ActIngreName][Number][Unit][ActIngreName][Number][Unit][ActIngreName][Number][Unit][ActIngreName][Number][Unit][ActIngreName][Number][Unit][ActIngreName][Number][Unit][ActIngreName][Number][Unit][ActIngreName][Number][Unit][ActIngreName][Number][Unit]上記の混合生薬より抽出した[Kampo][Form][Number][Unit]を含有する,1
本剤[Number][Unit]中[ActIngreName][Number][Unit][ActIngreName][Number][Unit][ActIngreName][Number][Unit][ActIngreName][Number][Unit][ActIngreName][Number][Unit][ActIngreName][Number][Unit][ActIngreName][Number][Unit][ActIngreName][Number][Unit][ActIngreName][Number][Unit][ActIngreName][Number][Unit][ActIngreName][Number][Unit]上記の混合生薬より抽出した九味檳ろう湯の[Form][Number][Unit]を含有する,1
本剤は桂枝加かっ根湯の[Form]に賦形剤（[ActIngreName]）を加えて製したものである本剤[Number][Unit]中[ActIngreName][Number][Unit][ActIngreName][Number][Unit][ActIngreName][Number][Unit][ActIngreName][Number][Unit][ActIngreName][Number][Unit][ActIngreName][Number][Unit]上記の混合生薬より抽出した桂枝加かっ根湯の[Form][Number][Unit]を含有する,1
本剤[Number][Unit]中[ActIngreName][Number][Unit][ActIngreName][Number][Unit][ActIngreName][Number][Unit][ActIngreName][Number][Unit][ActIngreName][Number][Unit]上記の混合生薬より抽出した桂枝加しゃく薬湯の[Form][Number][Unit]を含有する,1
本剤[Number][Unit]中[ActIngreName][Number][Unit][ActIngreName][Number][Unit][ActIngreName][Number][Unit][ActIngreName][Number][Unit][ActIngreName][Number][Unit][ActIngreName][Number][Unit][ActIngreName]（[ActIngreName]）[Number][Unit]上記の混合生薬より抽出した[Kampo]の[Form][Number][Unit]を含有する,1
本品[Number][Unit]中（[ActIngreName][Number][Unit]）（[ActIngreName][Number][Unit]）（[ActIngreName][Number][Unit]）（[ActIngreName][Number][Unit]）（[ActIngreName][Number][Unit]）（[ActIngreName][Number][Unit]）（[ActIngreName][Number][Unit]）上記より製した[Kampo][Form][Number][Unit]を含有する,1
本品[Number][Unit]中（[ActIngreName][Number][Unit]）（[ActIngreName][Number][Unit]）（[ActIngreName][Number][Unit]）（[ActIngreName][Number][Unit]）（[ActIngreName][Number][Unit]）上記より製した[Kampo][Form][Number][Unit]を含有する（本品は[Form]を使用しており[Form][Number][Unit]は[Form][Number][Unit]に相当する）,1
本薬[Number][Unit]（[Number][Unit]）中<<BR>>[ActIngreName][Number][Unit][ActIngreName][Number][Unit][ActIngreName][Number][Unit][ActIngreName][Number][Unit][ActIngreName][Number][Unit][ActIngreName][Number][Unit][ActIngreName][Number][Unit][ActIngreName][Number][Unit][ActIngreName][Number][Unit]<<BR>>上記の混合生薬より抽出した[Kampo][Form][Number][Unit]を含有する,1
本品[Number][Unit]中（[Number][Unit]中）[ActIngreName]…[Number][Unit][ActIngreName]…[Number][Unit][ActIngreName]…[Number][Unit][ActIngreName]…[Number][Unit][ActIngreName]…[Number][Unit]を含有する,1
含量<BR>本剤は[Number][Unit][Number][Unit]中下記の混合生薬より抽出した[Kampo][Form][Number][Unit]を含有する[ActIngreName][Number][Unit][ActIngreName][Number][Unit][ActIngreName][Number][Unit][ActIngreName][Number][Unit][ActIngreName][Number][Unit],1
本品[Number][Unit]中[ActIngreName][Number][Unit][ActIngreName][Number][Unit][ActIngreName][Number][Unit][ActIngreName][Number][Unit][ActIngreName][Number][Unit][Kampo][Form][Number][Unit]を含有する,1
本剤[Number][Unit]中[ActIngreName][Number][Unit][ActIngreName][Number][Unit][ActIngreName][Number][Unit][ActIngreName][Number][Unit][ActIngreName][Number][Unit][ActIngreName][Number][Unit][ActIngreName][Number][Unit][ActIngreName][Number][Unit][ActIngreName][Number][Unit][ActIngreName][Number][Unit][ActIngreName][Number][Unit]上記の混合生薬より抽出した[Kampo]の[Form][Number][Unit]を含有する,1
本品[Number][Unit]中下記の混合生薬より抽出した[Form][Number][Unit]を含有する[ActIngreName]…[Number][Unit][ActIngreName]…[Number][Unit][ActIngreName]…[Number][Unit][ActIngreName]…[Number][Unit][ActIngreName]…[Number][Unit][ActIngreName]…[Number][Unit][ActIngreName]…[Number][Unit][ActIngreName]…[Number][Unit][ActIngreName]…[Number][Unit][ActIngreName]…[Number][Unit][ActIngreName]…[Number][Unit],1
含量：<BR>本剤[Number][Unit]中[ActIngreName][Number][Unit][ActIngreName][Number][Unit][ActIngreName][Number][Unit][ActIngreName][Number][Unit][ActIngreName][Number][Unit][ActIngreName][Number][Unit][ActIngreName][Number][Unit][ActIngreName][Number][Unit][ActIngreName][Number][Unit][ActIngreName][Number][Unit][ActIngreName][Number][Unit]上記の混合生薬より抽出した[Kampo][Form][Number][Unit]を含有する,1
本品[Number][Unit]中[ActIngreName][Number][Unit][ActIngreName][Number][Unit][ActIngreName][Number][Unit][ActIngreName][Number][Unit][ActIngreName][Number][Unit][ActIngreName][Number][Unit][ActIngreName][Number][Unit][ActIngreName][Number][Unit][ActIngreName][Number][Unit][ActIngreName][Number][Unit][ActIngreName][Number][Unit]上記生薬より抽出した[Form]製乾操[Form][Number][Unit]を含有する,1
本品[Number][Unit]中[ActIngreName][Number][Unit][ActIngreName][Number][Unit][ActIngreName][Number][Unit][ActIngreName][Number][Unit][ActIngreName][Number][Unit][ActIngreName][Number][Unit][ActIngreName][Number][Unit][ActIngreName][Number][Unit][ActIngreName][Number][Unit][ActIngreName][Number][Unit][ActIngreName][Number][Unit]上記の混合生薬より製した[Form][Number][Unit]を含有する,1
本品[Number][Unit]中（[Number][Unit]中）[ActIngreName]…[Number][Unit][ActIngreName]…[Number][Unit][ActIngreName]…[Number][Unit][ActIngreName]…[Number][Unit][ActIngreName]…[Number][Unit][ActIngreName]…[Number][Unit][ActIngreName]…[Number][Unit][ActIngreName]…[Number][Unit][ActIngreName]…[Number][Unit][ActIngreName]…[Number][Unit][ActIngreName]…[Number][Unit]より製した[Form][Number][Unit]を含有する,1
本品[Number][Unit]中[ActIngreName][Number][Unit][ActIngreName][Number][Unit][ActIngreName][Number][Unit][ActIngreName][Number][Unit][ActIngreName][Number][Unit][ActIngreName][Number][Unit][ActIngreName][Number][Unit][ActIngreName][Number][Unit][ActIngreName][Number][Unit][ActIngreName][Number][Unit][ActIngreName][Number][Unit][Kampo][Form][Number][Unit]を含有する,1
本品[Number][Unit]中下記の混合生薬より抽出した[Form][Number][Unit]を含有する[ActIngreName]…[Number][Unit][ActIngreName]…[Number][Unit][ActIngreName]…[Number][Unit][ActIngreName]…[Number][Unit][ActIngreName]…[Number][Unit][ActIngreName]…[Number][Unit][ActIngreName]…[Number][Unit][ActIngreName]…[Number][Unit][ActIngreName]…[Number][Unit],1
含量：<BR>本剤[Number][Unit]中[ActIngreName][Number][Unit][ActIngreName][Number][Unit][ActIngreName][Number][Unit][ActIngreName][Number][Unit][ActIngreName][Number][Unit][ActIngreName][Number][Unit][ActIngreName][Number][Unit][ActIngreName][Number][Unit][ActIngreName][Number][Unit]上記の混合生薬より抽出した[Kampo][Form][Number][Unit]を含有する,1
本品[Number][Unit]中（[ActIngreName][Number][Unit]）（[ActIngreName][Number][Unit]）（[ActIngreName][Number][Unit]）（[ActIngreName][Number][Unit]）（[ActIngreName][Number][Unit]）（[ActIngreName][Number][Unit]）（[ActIngreName][Number][Unit]）（[ActIngreName][Number][Unit]）（[ActIngreName][Number][Unit]）[Kampo][Form][Number][Unit]を含有する,1
本剤[Number][Unit]中[ActIngreName][Number][Unit][ActIngreName][Number][Unit][ActIngreName][Number][Unit][ActIngreName][Number][Unit][ActIngreName][Number][Unit][ActIngreName][Number][Unit][ActIngreName][Number][Unit][ActIngreName][Number][Unit][ActIngreName][Number][Unit][ActIngreName][Number][Unit][ActIngreName][Number][Unit][ActIngreName][Number][Unit][ActIngreName][Number][Unit][ActIngreName][Number][Unit][ActIngreName][Number][Unit]上記の混合生薬より抽出した[Kampo]の[Form][Number][Unit]を含有する,1
本品[Number][Unit]中[ActIngreName][Number][Unit][ActIngreName][Number][Unit][ActIngreName][Number][Unit][ActIngreName][Number][Unit][ActIngreName][Number][Unit][ActIngreName][Number][Unit][ActIngreName][Number][Unit][ActIngreName][Number][Unit][ActIngreName][Number][Unit][ActIngreName][Number][Unit][ActIngreName][Number][Unit][ActIngreName][Number][Unit][ActIngreName][Number][Unit][ActIngreName][Number][Unit][ActIngreName][Number][Unit]上記の混合生薬より製した[Form][Number][Unit]を含有する,1
本品[Number][Unit]中下記の混合生薬より抽出した[Form][Number][Unit]を含有する[ActIngreName]…[Number][Unit][ActIngreName]…[Number][Unit][ActIngreName]…[Number][Unit],1
含量：<BR>本剤[Number][Unit]中[ActIngreName][Number][Unit][ActIngreName][Number][Unit][ActIngreName][Number][Unit]上記の混合生薬より抽出した[Kampo][Form][Number][Unit]を含有する,1
本品[Number][Unit]中[ActIngreName][Number][Unit][ActIngreName][Number][Unit][ActIngreName][Number][Unit]上記生薬より抽出した[Form][Number][Unit]を含有する,1
本品[Number][Unit]中（[ActIngreName][Number][Unit]）（[ActIngreName][Number][Unit]）（[ActIngreName][Number][Unit]）上記より製した[Kampo][Form][Number][Unit]を含有する,1
本剤[Number][Unit]中[ActIngreName][Number][Unit][ActIngreName][Number][Unit][ActIngreName][Number][Unit][ActIngreName][Number][Unit][ActIngreName][Number][Unit][ActIngreName][Number][Unit][ActIngreName][Number][Unit][ActIngreName][Number][Unit]上記の混合生薬より抽出した[Kampo]の[Form][Number][Unit]と[ActIngreName][Number][Unit]を含有する,1
本剤[Number][Unit]中[ActIngreName][Number][Unit][ActIngreName][Number][Unit]上記の混合生薬より抽出したしゃく薬[Kampo]の[Form][Number][Unit]を含有する,1
本剤は[Kampo]の[Form]に賦形剤（[ActIngreName]）を加えて製したものである本剤[Number][Unit]中[ActIngreName][Number][Unit][ActIngreName][Number][Unit]上記の混合生薬より抽出した[Kampo]の[Form][Number][Unit]を含有する,1
本薬[Number][Unit]（[Number][Unit]）中<BR>[ActIngreName][Number][Unit][ActIngreName][Number][Unit]上記の混合生薬より抽出した[Kampo][Form][Number][Unit]を含有する,1
本品[Number][Unit]中下記の混合生薬より抽出した[Form][Number][Unit]を含有する[ActIngreName]…[Number][Unit][ActIngreName]…[Number][Unit],1
本品[Number][Unit]中[ActIngreName][Number][Unit][ActIngreName][Number][Unit]上記の混合生薬より製した[Form][Number][Unit]を含有する,1
本品[Number][Unit]中（[Number][Unit]中）[ActIngreName]…[Number][Unit][ActIngreName]…[Number][Unit]より製した[Form][Number][Unit]を含有する,1
本品[Number][Unit]中（[ActIngreName][Number][Unit]）（[ActIngreName][Number][Unit]）[Kampo][Form][Number][Unit]を含有する,1
本品[Number][Unit]（[Number][Unit]）中下記の[Kampo][Form][Number][Unit]を含有する<<BR>>[ActIngreName][Number][Unit][ActIngreName][Number][Unit][ActIngreName][Number][Unit],1
本品[Number][Unit]中下記の混合生薬より製した[Form][Number][Unit]を含有する[ActIngreName]…[Number][Unit][ActIngreName]…[Number][Unit][ActIngreName]…[Number][Unit][ActIngreName]…[Number][Unit][ActIngreName]…[Number][Unit][ActIngreName]…[Number][Unit][ActIngreName]…[Number][Unit][ActIngreName]…[Number][Unit][ActIngreName]…[Number][Unit][ActIngreName]…[Number][Unit],1
本品[Number][Unit]中下記の割合の混合生薬の[Form]〔[Kampo]（[KampoYomi]）[Form]ＡＴ〕[Number][Unit]を含有する[ActIngreName][Number][Unit][ActIngreName][Number][Unit][ActIngreName][Number][Unit][ActIngreName][Number][Unit][ActIngreName][Number][Unit][ActIngreName][Number][Unit][ActIngreName][Number][Unit][ActIngreName][Number][Unit][ActIngreName][Number][Unit][ActIngreName][Number][Unit],1
本品[Number][Unit]中（[ActIngreName][Number][Unit]）（[ActIngreName][Number][Unit]）（[ActIngreName][Number][Unit]）（[ActIngreName][Number][Unit]）（[ActIngreName][Number][Unit]）（[ActIngreName][Number][Unit]）（[ActIngreName][Number][Unit]）（[ActIngreName][Number][Unit]）（[ActIngreName][Number][Unit]）（[ActIngreName][Number][Unit]）上記より製した[Kampo][Form][Number][Unit]を含有する,1
本剤[Number][Unit]中[ActIngreName][Number][Unit][ActIngreName][Number][Unit][ActIngreName][Number][Unit][ActIngreName][Number][Unit][ActIngreName][Number][Unit]上記の混合生薬より抽出した[Kampo]の[Form][Number][Unit]と[ActIngreName][Number][Unit]を含有する,1
本剤は[Number][Unit][Number][Unit]（または[Number][Unit]）中[ActIngreName][Number][Unit][ActIngreName][Number][Unit][ActIngreName][Number][Unit][ActIngreName][Number][Unit][ActIngreName][Number][Unit]上記生薬より抽出した[Form]（[Kampo][Form]）[Number][Unit][ActIngreName][Number][Unit]を含有する,1
本品[Number][Unit]中下記の割合の混合生薬の[Form][Number][Unit]と[ActIngreName][Number][Unit]を含有する[ActIngreName][Number][Unit][ActIngreName][Number][Unit][ActIngreName][Number][Unit][ActIngreName][Number][Unit][ActIngreName][Number][Unit],1
本剤[Number][Unit]中[ActIngreName][Number][Unit][ActIngreName][Number][Unit][ActIngreName][Number][Unit][ActIngreName][Number][Unit][ActIngreName][Number][Unit][ActIngreName][Number][Unit][ActIngreName][Number][Unit][ActIngreName][Number][Unit][ActIngreName][Number][Unit][ActIngreName][Number][Unit][ActIngreName][Number][Unit][ActIngreName][Number][Unit][ActIngreName][Number][Unit]上記の混合生薬より抽出した[Kampo]の[Form][Number][Unit]を含有する,1
本剤は[Number][Unit][Number][Unit]中下記生薬より抽出した[Form]（[Kampo][Form]）[Number][Unit]を含有する[ActIngreName][Number][Unit][ActIngreName][Number][Unit][ActIngreName][Number][Unit][ActIngreName][Number][Unit][ActIngreName][Number][Unit][ActIngreName][Number][Unit][ActIngreName][Number][Unit][ActIngreName][Number][Unit][ActIngreName][Number][Unit][ActIngreName][Number][Unit][ActIngreName][Number][Unit][ActIngreName][Number][Unit][ActIngreName][Number][Unit],1
本剤は[Number][Unit][Number][Unit]中下記の生薬[Form]を含有する[ActIngreName][Number][Unit][ActIngreName][Number][Unit][ActIngreName][Number][Unit][ActIngreName][Number][Unit],1
本品[Number][Unit]中[ActIngreName][Number][Unit][ActIngreName][Number][Unit][ActIngreName][Number][Unit][ActIngreName][Number][Unit][ActIngreName][Number][Unit][ActIngreName][Number][Unit][ActIngreName][Number][Unit][ActIngreName][Number][Unit][ActIngreName][Number][Unit][ActIngreName][Number][Unit][ActIngreName][Number][Unit][ActIngreName][Number][Unit][ActIngreName][Number][Unit]上記生薬より抽出した[Form][Number][Unit]を含有する,1
本剤[Number][Unit]中[ActIngreName][Number][Unit][ActIngreName][Number][Unit][ActIngreName][Number][Unit][ActIngreName][Number][Unit][ActIngreName]（[ActIngreName]）[Number][Unit]上記の混合生薬より抽出した[Kampo][Form][Number][Unit]を含有する,1
[Number]）本剤は[Number][Unit][Number][Unit]中下記の混合生薬より抽出した[Kampo][Form][Number][Unit]を含有する[ActIngreName][Number][Unit][ActIngreName][Number][Unit][ActIngreName][Number][Unit][ActIngreName][Number][Unit][ActIngreName][Number][Unit],1
本剤[Number][Unit]中[ActIngreName][Number][Unit][ActIngreName][Number][Unit][ActIngreName][Number][Unit]上記の混合生薬より抽出した[Kampo]の[Form][Number][Unit]と[ActIngreName][Number][Unit]を含有する,1
本品[Number][Unit]中下記の割合の混合生薬の[Form][Number][Unit]と[ActIngreName][Number][Unit]を含有する[ActIngreName][Number][Unit][ActIngreName][Number][Unit][ActIngreName][Number][Unit],1
本品[Number][Unit]中（[ActIngreName][Number][Unit]）（[ActIngreName][Number][Unit]）（[ActIngreName][Number][Unit]）（[ActIngreName][Number][Unit]）（[ActIngreName][Number][Unit]）（[ActIngreName][Number][Unit]）（[ActIngreName][Number][Unit]）（[ActIngreName][Number][Unit]）[Kampo][Form][Number][Unit]を含有する,1
本品[Number][Unit]中下記の割合の混合生薬の[Form]〔[Kampo]（[KampoYomi]）[Form]〕[Number][Unit]を含有する[ActIngreName][Number][Unit][ActIngreName][Number][Unit][ActIngreName][Number][Unit][ActIngreName][Number][Unit][ActIngreName][Number][Unit][ActIngreName][Number][Unit][ActIngreName][Number][Unit][ActIngreName][Number][Unit],1
本品[Number][Unit]（[Number][Unit]）中下記の[Kampo][Form][Number][Unit]を含有する<<BR>>[ActIngreName][Number][Unit][ActIngreName][Number][Unit][ActIngreName][Number][Unit][ActIngreName][Number][Unit][ActIngreName][Number][Unit][ActIngreName][Number][Unit][ActIngreName][Number][Unit][ActIngreName][Number][Unit][ActIngreName][Number][Unit][ActIngreName][Number][Unit][ActIngreName][Number][Unit][ActIngreName][Number][Unit][ActIngreName][Number][Unit][ActIngreName][Number][Unit][ActIngreName][Number][Unit],1
本剤[Number][Unit]中[ActIngreName][Number][Unit][ActIngreName][Number][Unit][ActIngreName][Number][Unit][ActIngreName][Number][Unit]上記の混合生薬より抽出した[Kampo]の[Form][Number][Unit]と[ActIngreName][Number][Unit]を含有する,1
本剤は[Number][Unit][Number][Unit]中[ActIngreName][Number][Unit][ActIngreName][Number][Unit][ActIngreName][Number][Unit][ActIngreName][Number][Unit]上記生薬より抽出した[Form]（[Kampo][Form]）[Number][Unit]及び[ActIngreName][Number][Unit]を含有する,1
本剤[Number][Unit]中[ActIngreName][Number][Unit][ActIngreName][Number][Unit][ActIngreName][Number][Unit][ActIngreName][Number][Unit][ActIngreName][Number][Unit]上記の混合生薬より抽出した[Kampo][Form][Form][Number][Unit]を含有する,1
本品[Number][Unit]中[Form][Number][Unit]（[ActIngreName][Number][Unit]）（[Form][Number][Unit]）（[ActIngreName][Number][Unit]）（[ActIngreName][Number][Unit]）[ActIngreName][Number][Unit]を含有する,1
本品[Number][Unit]中下記の混合生薬より製した[Form][Number][Unit]を含有する[ActIngreName]…[Number][Unit][ActIngreName]…[Number][Unit][ActIngreName]…[Number][Unit][ActIngreName]…[Number][Unit][ActIngreName]…[Number][Unit][ActIngreName]…[Number][Unit][ActIngreName]…[Number][Unit][ActIngreName]…[Number][Unit][ActIngreName]…[Number][Unit],1
本剤[Number][Unit]中[ActIngreName][Number][Unit][ActIngreName][Number][Unit][ActIngreName][Number][Unit][ActIngreName][Number][Unit][ActIngreName][Number][Unit][ActIngreName][Number][Unit]上記の混合生薬より抽出した当帰しゃく薬[Form]料の[Form][Number][Unit]を含有する,1
本剤[Number][Unit]中[ActIngreName][Number][Unit][ActIngreName][Number][Unit][ActIngreName][Number][Unit][ActIngreName][Number][Unit][ActIngreName][Number][Unit][ActIngreName][Number][Unit]上記の混合生薬より抽出した[Kampo][Form][Number][Unit]を含有する,1
本品[Number][Unit]中下記の割合の混合生薬の[Form]〔[Kampo]（[KampoYomi]リョウ）[Form]ＡＴ〕[Number][Unit]を含有する[ActIngreName][Number][Unit][ActIngreName][Number][Unit][ActIngreName][Number][Unit][ActIngreName][Number][Unit][ActIngreName][Number][Unit][ActIngreName][Number][Unit],1
本品[Number][Unit]（[Number][Unit]）中下記の[Kampo]加附子[Form][Number][Unit]を含有する<<BR>>[ActIngreName][Number][Unit][ActIngreName][Number][Unit][ActIngreName][Number][Unit][ActIngreName][Number][Unit][ActIngreName][Number][Unit][ActIngreName][Number][Unit][ActIngreName][Number][Unit],1
本剤[Number][Unit]中[ActIngreName][Number][Unit][ActIngreName][Number][Unit][ActIngreName][Number][Unit][ActIngreName][Number][Unit][ActIngreName][Number][Unit][ActIngreName][Number][Unit][ActIngreName][Number][Unit][ActIngreName][Number][Unit][ActIngreName][Number][Unit][ActIngreName][Number][Unit][ActIngreName][Number][Unit][ActIngreName][Number][Unit]上記の混合生薬より抽出した[Kampo]の[Form][Number][Unit]を含有する,1
本剤は[Number][Unit][Number][Unit]中下記生薬より抽出した[Form]（人参栄養湯[Form]）[Number][Unit]を含有する[ActIngreName][Number][Unit][ActIngreName][Number][Unit][ActIngreName][Number][Unit][ActIngreName][Number][Unit][ActIngreName][Number][Unit][ActIngreName][Number][Unit][ActIngreName][Number][Unit][ActIngreName][Number][Unit][ActIngreName][Number][Unit][ActIngreName][Number][Unit][ActIngreName][Number][Unit][ActIngreName][Number][Unit],1
含量：<BR>本剤は[Number][Unit][Number][Unit]中下記の混合生薬より抽出した[Kampo][Form][Number][Unit]を含有する[ActIngreName][Number][Unit][ActIngreName][Number][Unit][ActIngreName][Number][Unit][ActIngreName][Number][Unit][ActIngreName][Number][Unit][ActIngreName][Number][Unit],1
本剤[Number][Unit]中[ActIngreName][Number][Unit][ActIngreName][Number][Unit][ActIngreName][Number][Unit][ActIngreName][Number][Unit][ActIngreName][Number][Unit][ActIngreName][Number][Unit][ActIngreName][Number][Unit][ActIngreName]（[ActIngreName]）[Number][Unit]上記の混合生薬より抽出した[Kampo][Form][Number][Unit]を含有する,1
組成の表参照,1
本剤[Number][Unit]中[ActIngreName][Number][Unit][ActIngreName][Number][Unit][ActIngreName][Number][Unit][ActIngreName][Number][Unit][ActIngreName][Number][Unit][ActIngreName][Number][Unit][ActIngreName][Number][Unit][ActIngreName][Number][Unit][ActIngreName][Number][Unit][ActIngreName][Number][Unit][ActIngreName][Number][Unit][ActIngreName][Number][Unit][ActIngreName][Number][Unit][ActIngreName][Number][Unit]上記の混合生薬より抽出した[Kampo]の[Form][Number][Unit]を含有する,1
含量：<BR>本剤[Number][Unit]中[ActIngreName][Number][Unit][ActIngreName][Number][Unit][ActIngreName][Number][Unit][ActIngreName][Number][Unit][ActIngreName][Number][Unit][ActIngreName][Number][Unit][ActIngreName][Number][Unit][ActIngreName][Number][Unit][ActIngreName][Number][Unit][ActIngreName][Number][Unit][ActIngreName][Number][Unit][ActIngreName][Number][Unit][ActIngreName][Number][Unit]上記の混合生薬より抽出した[Kampo][Form][Number][Unit]を含有する,1
本剤は[Number][Unit][Number][Unit]中下記生薬より抽出した[Form]（[Kampo]料[Form]）[Number][Unit]を含有する[ActIngreName][Number][Unit][ActIngreName][Number][Unit][ActIngreName][Number][Unit][ActIngreName][Number][Unit][ActIngreName][Number][Unit][ActIngreName][Number][Unit],1
本品[Number][Unit]（[Number][Unit]）中下記の[Kampo][Form][Number][Unit]を含有する<<BR>>[ActIngreName][Number][Unit][ActIngreName][Number][Unit][ActIngreName][Number][Unit][ActIngreName][Number][Unit][ActIngreName][Number][Unit][ActIngreName][Number][Unit][ActIngreName][Number][Unit][ActIngreName][Number][Unit][ActIngreName][Number][Unit][ActIngreName][Number][Unit][ActIngreName][Number][Unit][ActIngreName][Number][Unit][ActIngreName][Number][Unit][ActIngreName][Number][Unit][ActIngreName][Number][Unit][ActIngreName][Number][Unit][ActIngreName][Number][Unit][ActIngreName][Number][Unit],1
本剤は[Kampo]の[Form]に賦形剤（[ActIngreName]）を加えて製したものである本剤[Number][Unit]中[ActIngreName][Number][Unit][ActIngreName][Number][Unit][ActIngreName][Number][Unit][ActIngreName][Number][Unit][ActIngreName][Number][Unit][ActIngreName][Number][Unit][ActIngreName][Number][Unit][ActIngreName][Number][Unit][ActIngreName][Number][Unit][ActIngreName][Number][Unit][ActIngreName][Number][Unit][ActIngreName][Number][Unit][ActIngreName][Number][Unit][ActIngreName][Number][Unit][ActIngreName][Number][Unit][ActIngreName][Number][Unit][ActIngreName][Number][Unit][ActIngreName][Number][Unit]上記の混合生薬より抽出した[Kampo]の[Form][Number][Unit]を含有する,1
本剤は[Number][Unit][Number][Unit]中下記生薬より抽出した[Form]（[Kampo][Form]）[Number][Unit]を含有する[ActIngreName][Number][Unit][ActIngreName][Number][Unit][ActIngreName][Number][Unit][ActIngreName][Number][Unit][ActIngreName][Number][Unit][ActIngreName][Number][Unit][ActIngreName][Number][Unit][ActIngreName][Number][Unit][ActIngreName][Number][Unit][ActIngreName][Number][Unit][ActIngreName][Number][Unit][ActIngreName][Number][Unit][ActIngreName][Number][Unit][ActIngreName][Number][Unit][ActIngreName][Number][Unit][ActIngreName][Number][Unit][ActIngreName][Number][Unit][ActIngreName][Number][Unit],1
本剤[Number][Unit]中[ActIngreName][Number][Unit][ActIngreName][Number][Unit][ActIngreName][Number][Unit][ActIngreName][Number][Unit][ActIngreName][Number][Unit][ActIngreName][Number][Unit][ActIngreName][Number][Unit][ActIngreName][Number][Unit][ActIngreName][Number][Unit][ActIngreName][Number][Unit][ActIngreName][Number][Unit][ActIngreName][Number][Unit][ActIngreName][Number][Unit][ActIngreName][Number][Unit][ActIngreName][Number][Unit][ActIngreName][Number][Unit][ActIngreName][Number][Unit][ActIngreName][Number][Unit]上記の混合生薬より抽出した[Kampo][Form][Number][Unit]を含有する,1
本品[Number][Unit]中[ActIngreName][Number][Unit][ActIngreName][Number][Unit][ActIngreName][Number][Unit][ActIngreName][Number][Unit][ActIngreName][Number][Unit][ActIngreName][Number][Unit][ActIngreName][Number][Unit][ActIngreName][Number][Unit][ActIngreName][Number][Unit][ActIngreName][Number][Unit][ActIngreName][Number][Unit][ActIngreName][Number][Unit][ActIngreName][Number][Unit][ActIngreName][Number][Unit][ActIngreName][Number][Unit][ActIngreName][Number][Unit][ActIngreName][Number][Unit][ActIngreName][Number][Unit]上記生薬より抽出した[Form][Number][Unit]を含有する,1
本品[Number][Unit]中下記の割合の混合生薬の[Form][Number][Unit]を含有する[ActIngreName][Number][Unit][ActIngreName][Number][Unit][ActIngreName][Number][Unit][ActIngreName][Number][Unit][ActIngreName][Number][Unit][ActIngreName][Number][Unit][ActIngreName][Number][Unit][ActIngreName][Number][Unit][ActIngreName][Number][Unit][ActIngreName][Number][Unit][ActIngreName][Number][Unit][ActIngreName][Number][Unit][ActIngreName][Number][Unit][ActIngreName][Number][Unit][ActIngreName][Number][Unit][ActIngreName][Number][Unit][ActIngreName][Number][Unit][ActIngreName][Number][Unit],1
本品[Number][Unit]中[ActIngreName][Number][Unit][ActIngreName][Number][Unit][ActIngreName][Number][Unit][ActIngreName][Number][Unit][ActIngreName][Number][Unit][ActIngreName][Number][Unit][ActIngreName][Number][Unit][ActIngreName][Number][Unit][ActIngreName][Number][Unit][ActIngreName][Number][Unit][ActIngreName][Number][Unit][ActIngreName][Number][Unit][ActIngreName][Number][Unit][ActIngreName][Number][Unit][ActIngreName][Number][Unit][ActIngreName][Number][Unit][ActIngreName][Number][Unit][ActIngreName][Number][Unit]上記の混合生薬より製した[Form][Number][Unit]を含有する,1
本品[Number][Unit]中（[Number][Unit]中）[ActIngreName]…[Number][Unit][ActIngreName]…[Number][Unit][ActIngreName]…[Number][Unit][ActIngreName]…[Number][Unit][ActIngreName]…[Number][Unit][ActIngreName]…[Number][Unit][ActIngreName]…[Number][Unit][ActIngreName]…[Number][Unit][ActIngreName]…[Number][Unit][ActIngreName]…[Number][Unit][ActIngreName]…[Number][Unit][ActIngreName]…[Number][Unit][ActIngreName]…[Number][Unit][ActIngreName]…[Number][Unit][ActIngreName]…[Number][Unit][ActIngreName]…[Number][Unit][ActIngreName]…[Number][Unit][ActIngreName]…[Number][Unit]より製した[Form][Number][Unit]を含有する,1
本品[Number][Unit]中（[ActIngreName][Number][Unit]）（[ActIngreName][Number][Unit]）（[ActIngreName][Number][Unit]）（[ActIngreName][Number][Unit]）（[ActIngreName][Number][Unit]）（[ActIngreName][Number][Unit]）（[ActIngreName][Number][Unit]）（[ActIngreName][Number][Unit]）（[ActIngreName][Number][Unit]）（[ActIngreName][Number][Unit]）（[ActIngreName][Number][Unit]）（[ActIngreName][Number][Unit]）（[ActIngreName][Number][Unit]）（[ActIngreName][Number][Unit]）（[ActIngreName][Number][Unit]）（[ActIngreName][Number][Unit]）（[ActIngreName][Number][Unit]）（[ActIngreName][Number][Unit]）[Kampo][Form][Number][Unit]を含有する,1
本品[Number][Unit]中下記の割合の混合生薬の[Form]〔[Kampo]（[KampoYomi]）[Form]〕[Number][Unit]を含有する[ActIngreName][Number][Unit][ActIngreName][Number][Unit][ActIngreName][Number][Unit][ActIngreName][Number][Unit][ActIngreName][Number][Unit][ActIngreName][Number][Unit][ActIngreName][Number][Unit][ActIngreName][Number][Unit][ActIngreName][Number][Unit][ActIngreName][Number][Unit],1
本薬[Number][Unit]（[Number][Unit]）中<<BR>>[ActIngreName][Number][Unit][ActIngreName][Number][Unit][ActIngreName][Number][Unit]<<BR>>上記の混合生薬より抽出した[Kampo][Form][Number][Unit]を含有する,1
本剤[Number][Unit]中[ActIngreName][Number][Unit][ActIngreName][Number][Unit][ActIngreName]（[ActIngreName]）[Number][Unit]上記の混合生薬より抽出した[Kampo]の[Form][Number][Unit]を含有する,1
本品[Number][Unit]中下記の割合の混合生薬の[Form]〔[Kampo]（[KampoYomi]）[Form]ＡＴ〕[Number][Unit]を含有する[ActIngreName][Number][Unit][ActIngreName][Number][Unit][ActIngreName][Number][Unit][ActIngreName][Number][Unit],1
本品[Number][Unit]中[ActIngreName][Number][Unit][ActIngreName][Number][Unit][ActIngreName][Number][Unit][ActIngreName][Number][Unit][ActIngreName][Number][Unit][ActIngreName][Number][Unit][ActIngreName][Number][Unit][ActIngreName][Number][Unit][Kampo][Form][Number][Unit]を含有する,1
本剤[Number][Unit]中[ActIngreName][Number][Unit][ActIngreName][Number][Unit][ActIngreName][Number][Unit][ActIngreName][Number][Unit][ActIngreName][Number][Unit][ActIngreName][Number][Unit][ActIngreName][Number][Unit][ActIngreName][Number][Unit][ActIngreName][Number][Unit][ActIngreName][Number][Unit][ActIngreName][Number][Unit][ActIngreName][Number][Unit][ActIngreName][Number][Unit][ActIngreName][Number][Unit][ActIngreName][Number][Unit][ActIngreName][Number][Unit]上記の混合生薬より抽出した[Kampo]の[Form][Number][Unit]を含有する,1
本剤[Number][Unit]中[ActIngreName][Number][Unit][ActIngreName][Number][Unit][ActIngreName][Number][Unit][ActIngreName][Number][Unit]上記の混合生薬より抽出した[Kampo][Form][Number][Unit]を含有する,1
本品[Number][Unit]中（[ActIngreName][Number][Unit]）（[ActIngreName][Number][Unit]）（[ActIngreName][Number][Unit]）（[ActIngreName][Number][Unit]）上記より製した[Kampo][Form][Number][Unit]を含有する（本品は[Form]を使用しており[Form][Number][Unit]は[Form][Number][Unit]に相当する）,1
本品はアコニチンメサコニチンを含むトリカブト属カラトリカブト（ＡｃｏｎｉｔｕｍｃａｒｍｉｃｈａｅｌｉＤｅｂｘ．）並びにオクトリカブト（Ａｃｏｎｉｔｕｍｓｕｂｃｕｎｅａｔｕｍ[Fomula]ｋａｉ）の[Form]根を加工したものである総[ActIngreName]［[ActIngreName]（[Fomula]：[Number]）として］[Number][Unit]を含む（高圧蒸気処理による加工）,1
本剤はハナトリカブト又はオクトリカブトの[Form]根を高圧蒸気処理により毒性を減じた後乾燥し[Form]とし一定の[ActIngreName]量を含むように[ActIngreName]で調整したものである本剤は総[ActIngreName]［[ActIngreName]（[Fomula]：[Number]）として］[Number][Unit]を含む,1
[BrandName]は次の成分を含有する有効成分（[Number][Unit]中）：[ActIngreName]（[ActIngreName][Number]）[Number][Unit],1
本品はハナトリカブト又はオクトリカブトの[Form]根を高圧蒸気処理により加工（[ActIngreName][Number]）し製したものである,1
本剤は[ActIngreName]（[ActIngreName]）である,1
本品は[ActIngreName]（高圧蒸気処理により加工したもの）を[Form]としたものである,1
本品はトリカブトの[Form]根を高圧蒸気処理により加工した[ActIngreName]である,1
製法の概要<BR>本剤は肺炎球菌中で高頻度にみられる下記[Number]種類の莢膜型の肺炎球菌を型別に培養増殖し殺菌後に各々の型から抽出精製した莢膜ポリサッカライドを混合した[Form]であるなお本剤は肺炎球菌の莢膜由来成分からなる不活化ワクチンであるまた種菌を調製する前段階でウシ由来成分（ヘミン）を使用し製造工程に用いる酵素の製造にウシの乳由来成分（カザミノ酸）を使用している<<BR>>有効成分の名称<BR>[ActIngreName]<<BR>>容量<BR>[Number][Unit]<<BR>>含量：[Number][Unit]中<BR>次の[Number]種類の肺炎球菌の莢膜中に存在するポリサッカライドを各型あたり[Number][Unit]ずつ（総計[Number][Unit]）含有する[ActIngreName]（デンマーク式命名法）：[Number][Number][Number][Number][Number][Number]Ｂ[Number]Ｆ[Number][Number][Unit][Number]Ｖ[Number]Ａ[Number]Ａ[Number]Ｆ[Number][Number]Ｂ[Number]Ｆ[Number]Ｃ[Number]Ａ[Number]Ｆ[Number][Number]Ｆ[Number]Ｆ[Number]Ｆ,1
製法の概要<BR>本剤はニワトリ胚初代培養細胞に馴化した狂犬病ウイルス（ＨＥＰＦｌｕｒｙ株）を伝染性の疾患に感染していない鶏群（ＳＰＦ鶏）から採取した発育鶏卵のニワトリ胚初代培養細胞で増殖させ得たウイルスを[ActIngreName]ープロピオラクトン[Number][Unit]で不活化し濃縮精製し安定剤を加え分注した後凍結乾燥したものである細胞の培養に用いる培養[Form]ＴＣＭ−[Number]には抗生物質として[Number][Unit]中[ActIngreName]を[Number][Unit]及び[ActIngreName]を[Number][Unit]含むまた着色剤として[ActIngreName]レッドを[Number][Unit]含有するなお本剤は製造工程でウシの血[Form]由来成分（血清）ウシの乳由来成分（[ActIngreName][ActIngreName]）ブタの膵臓由来成分（トリプシン）を使用している<<BR>>組成<BR>本剤を添付の溶剤（[ActIngreName]）全量で溶解した[Form][Number][Unit]中に次の成分を含有する<<BR>>有効成分<BR>[ActIngreName]：[Number][Unit]Ｄ[Number]以上（不活化前ウイルス量）,1
製法の概要<BR>本剤は遺伝子組換え技術を応用して酵母（Ｓａｃｃｈａｒｏｍｙｃｅｓｃｅｒｅｖｉｓｉａｅ）により産生させた[ActIngreName]（[ActIngreName]）を回収精製した後[ActIngreName]に吸着させて沈降ワクチンとしたものである<<BR>>有効成分の名称<BR>[ActIngreName]（酵母由来）<<BR>>容量<BR>[Number][Unit]<<BR>>含量<BR>[Number][Unit]（[ActIngreName]（酵母由来）として）,1
製法の概要<BR>本剤は破傷風菌（ＨａｒｖａｒｄＡ−[Number]株）を純培養し得られた毒素[Form]を精製濃縮しかつ[ActIngreName]を加えて無毒化したトキソイド[Form]に[ActIngreName]塩を加えてトキソイドを不溶性にし[ActIngreName]塩緩衝[ActIngreName][Form]を加えて希釈し規定濃度に調製した[Form]であるなお本剤は製造工程でウシの乳由来成分（スキムミルクポリペプトン）ウシの肝臓ウシの肉ブタの胃由来成分（ペプトン）及びクジラの心臓由来成分（ハート[Form]）を使用している<<BR>>組成<BR>本剤は[Number][Unit]中に次の成分を含有する<<BR>>有効成分<BR>[ActIngreName]：[Number][Unit]以下（約[Number][Unit]）,1
製法の概要<BR>本剤は破傷風菌（Ｈａｒｖａｒｄ株）を純培養し得られた毒素[Form]を精製濃縮し[ActIngreName]を加えて無毒化したトキソイド[Form]に[ActIngreName]塩を加えて不溶性にし更に[ActIngreName]塩緩衝[ActIngreName][Form]を加えて希釈し規定濃度に調製した[Form]であるなお本剤は製造工程でウシの乳由来成分（スキムミルク）及び心臓由来成分（ハート[Form]）並びにブタの胃由来成分（ペプトン）を使用している<<BR>>組成<BR>本剤は[Number][Unit]中に次の成分分量を含有する<<BR>>有効成分<BR>[ActIngreName][Number][Unit]以下,1
製法の概要<BR>本剤は破傷風菌（Ｈａｒｖａｒｄ株）を純培養した培養ろ[Form]中の毒素を塩析法及びイオン交換体法等によって精製後[ActIngreName]で無毒化したトキソイド[Form]を免疫原性を高めるために[ActIngreName]塩に吸着させ不溶性とした[Form]であるなお本剤は製造工程でウシの乳由来成分（ポリペプトンスキムミルク）心臓由来成分（ビーフハートインフュージョン）肝臓及び肉を使用している<<BR>>組成<BR>本剤は[Number][Unit]中に次の成分を含有する<<BR>>有効成分<BR>[ActIngreName][Number][Unit]以下（[Number][Unit]以上）,1
製法の概要<BR>本剤は破傷風菌（Ｈａｒｖａｒｄ株）を純培養し得られた毒素[Form]を精製濃縮し[ActIngreName]を加えて無毒化したトキソイド[Form]を規定濃度に希釈してから[ActIngreName]塩を加えてトキソイドを吸着させ調製したものである本剤は製造工程でヒトの毛髪由来成分（Ｌ[ActIngreName]）トリの羽毛由来成分（Ｌ[ActIngreName]）ウシの肝臓心臓肉乳由来成分（スキムミルクバクトカジトンカザミノアシド）を使用している<<BR>>組成<BR>本剤は[Number][Unit]（[Number][Unit]）中に次の成分及び分量を含有する<<BR>>有効成分<BR>[ActIngreName]約[Number][Unit],1
製法の概要<BR>本剤は破傷風菌（Ｈａｒｖａｒｄ株）を純培養し得られた毒素[Form]を精製濃縮し[ActIngreName]を加えて無毒化したトキソイド[Form]に[ActIngreName]塩を加えて不溶性にし更に[ActIngreName]塩緩衝[ActIngreName][Form]を加えて希釈し規定濃度に調整した[Form]であるなお本剤は製造工程でウシの乳由来成分（ペプトンスキムミルク）及びウマの血[Form]由来成分（脱繊維素血[Form]）を使用している<<BR>>組成<BR>本剤は[Number][Unit]中に下記の成分分量を含有する<<BR>>有効成分<BR>[ActIngreName][Number][Unit]以下（[Number][Unit]以上）,1
製法の概要<BR>本剤ははぶ毒で免疫したウマの血清を精製処理して得たはぶ抗毒素を凍結乾燥したものであるなお本剤は製造工程でブタの胃由来成分（ペプシン）を使用している<<BR>>組成<BR>本剤を添付の溶剤（[ActIngreName]）[Number][Unit]で溶解した[Form][Number][Unit]中に次の成分を含有する<<BR>>有効成分<BR>[ActIngreName]（[ActIngreName]）：[ActIngreName][Number][Unit]以上：[ActIngreName][Number][Unit]以上：[ActIngreName][Number][Unit]以上,1
製法の概要<BR>本剤はまむし毒で免疫したウマの血清を精製処理して得たまむし抗毒素を凍結乾燥したものであるなお本剤は製造工程でブタの胃由来成分（ペプシン）を使用している<<BR>>組成<BR>本剤を添付の溶剤（[ActIngreName]）[Number][Unit]で溶解した[Form][Number][Unit]中に次の成分を含有する<<BR>>有効成分<BR>[ActIngreName]（[ActIngreName]）：[ActIngreName][Number][Unit]以上抗出血価[Number][Unit]以上,1
組成性状<BR>本剤は血漿に浮遊した血小板で血[Form]成分採血により白血球の大部分を除去して採取した製剤である[Color]ないし[Color]の[Form]であり脂肪により混濁することがある本剤には血[Form]成分採血に由来する血[Form]保存[Form]（ＡＣＤ−[DrugParts]）が含まれる［採血国：日本］［採血方法：献血］<<BR>>血[Form]保存[Form]（ＡＣＤ−[DrugParts]）<BR>[ActIngreName][Number][Unit][ActIngreName][Number][Unit][ActIngreName][Number][Unit][ActIngreName]を加えて溶かし全量を[Number][Unit]とする,1
組成性状<BR>本剤は[ActIngreName][Number][Unit]又は[Number][Unit]から血漿の大部分を除去した赤血球層に凍害保護[Form]を加えて凍結保存したものを解凍後凍害保護[Form]を洗浄除去した[Color]の[Form]であり他の赤血球製剤と比べて[Number][Unit]中の上清ヘモグロビン量の多いことが認められる［採血国：日本］［採血方法：献血］<<BR>>最終洗浄[Form]<BR>[ActIngreName][Number][Unit][ActIngreName][Number][Unit][ActIngreName][Number][Unit][ActIngreName][Number][Unit][ActIngreName]を加えて溶かし全量を[Number][Unit]とする,1
組成性状<BR>本剤は血[Form]成分採血により白血球の大部分を除去して＞採取した新鮮な血漿を凍結したものである融解するとき[Color]ないし[Color]の[Form]となり脂肪により混濁することがある本剤には成分採血に由来する血[Form]保存[Form]（ＡＣＤ−[DrugParts]）が含まれる容量は[Number][Unit]であり本剤[Number][Unit]中には約[Number][Unit]（[Number][Unit]）の[ActIngreName]が含まれている［採血国：日本］［採血方法：献血］<<BR>>血[Form]保存[Form]（ＡＣＤ[DrugParts]）<BR>[ActIngreName][Number][Unit][ActIngreName][Number][Unit][ActIngreName][Number][Unit][ActIngreName]を加えて溶かし全量を[Number][Unit]とする,1
組成性状<BR>本剤は血[Form]成分採血により白血球の大部分を除去して採取した新鮮な血漿を凍結したものである融解するとき[Color]ないし[Color]の[Form]となり脂肪により混濁することがある本剤には成分採血に由来する血[Form]保存[Form]（ＡＣＤ−[DrugParts]）が含まれる容量は[Number][Unit]であり本剤[Number][Unit]中には約[Number][Unit]（[Number][Unit]）の[ActIngreName]が含まれている［採血国：日本］［採血方法：献血］<<BR>>血[Form]保存[Form]（ＡＣＤ−[DrugParts]）<BR>[ActIngreName][Number][Unit][ActIngreName][Number][Unit][ActIngreName][Number][Unit][ActIngreName]を加えて溶かし全量を[Number][Unit]とする,1
組成性状<BR>本剤は血漿に浮遊した血小板で患者のＨＬＡ型に適合する（供血者のリンパ球と患者の血清との交差試験に適合する）献血者から血[Form]成分採血により白血球の大部分を除去して採取した製剤である[Color]ないし[Color]の[Form]であり脂肪により混濁することがある本剤には血[Form]成分採血に由来する血[Form]保存[Form]（ＡＣＤ−[DrugParts]）が含まれる［採血国：日本］［採血方法：献血］<<BR>>血[Form]保存[Form]（ＡＣＤ−[DrugParts]）<BR>[ActIngreName][Number][Unit][ActIngreName][Number][Unit][ActIngreName][Number][Unit][ActIngreName]を加えて溶かし全量を[Number][Unit]とする,1
組成性状<BR>本剤は血漿に浮遊した血小板で血[Form]成分採血により白血球の大部分を除去して採取した製剤である[Color]ないし[Color]の[Form]であり脂肪により混濁することがある本剤には血[Form]成分採血に由来する血[Form]保存[Form]（ＡＣＤ−[DrugParts]）が含まれる［採血国：日本］［採血方法：献血］本剤には輸血による移植片対宿主病（ＧＶＨＤ：ｇｒａｆｔｖｅｒｓｕｓｈｏｓｔｄｉｓｅａｓｅ）[Number]）を予防する目的で[Number][Unit]以上[Number][Unit]以下の放射線が照射されている<<BR>>血[Form]保存[Form]（ＡＣＤ−[DrugParts]）<BR>[ActIngreName][Number][Unit][ActIngreName][Number][Unit][ActIngreName][Number][Unit][ActIngreName]を加えて溶かし全量を[Number][Unit]とする,1
組成性状<BR>本剤は血漿に浮遊した血小板で患者のＨＬＡ型に適合する（供血者のリンパ球と患者の血清との交差試験に適合する）献血者から血[Form]成分採血により白血球の大部分を除去して採取した製剤である[Color]ないし[Color]の[Form]であり脂肪により混濁することがある本剤には血[Form]成分採血に由来する血[Form]保存[Form]（ＡＣＤ−[DrugParts]）が含まれる［採血国：日本］［採血方法：献血］本剤には輸血による移植片対宿主病（ＧＶＨＤ：ｇｒａｆｔｖｅｒｓｕｓｈｏｓｔｄｉｓｅａｓｅ）[Number]）を予防する目的で[Number][Unit]以上[Number][Unit]以下の放射線が照射されている<<BR>>血[Form]保存[Form]（ＡＣＤ−[DrugParts]）<BR>[ActIngreName][Number][Unit][ActIngreName][Number][Unit][ActIngreName][Number][Unit][ActIngreName]を加えて溶かし全量を[Number][Unit]とする,1
組成性状<BR>本剤は[ActIngreName][Number][Unit]又は[Number][Unit]から血漿の大部分を除去した赤血球層に凍害保護[Form]を加えて凍結保存したものを解凍後凍害保護[Form]を洗浄除去した[Color]の[Form]であり他の赤血球製剤と比べて[Number][Unit]中の上清ヘモグロビン量の多いことが認められる［採血国：日本］［採血方法：献血］本剤には輸血による移植片対宿主病（ＧＶＨＤ：ｇｒａｆｔｖｅｒｓｕｓｈｏｓｔｄｉｓｅａｓｅ）[Number]）を予防する目的で[Number][Unit]以上[Number][Unit]以下の放射線が照射されており本剤は放射線を照射しない製剤よりも保存に伴い上清中の[ActIngreName]濃度が増加することが認められる［[Number][Unit]由来の本剤[Number][Unit]に含まれる上清中の総[ActIngreName]量（[ActIngreName]濃度）は製造直後で平均[Number][Unit]（[Number][Unit]）製造後[Number]時間で平均[Number][Unit]（[Number][Unit]）である放射線を照射しない場合は製造後[Number]時間で平均[Number][Unit]（[Number][Unit]）である］数値は採血後[Number]日目の[Number][Unit][ActIngreName]ＡＰ「日赤」を原料として冷凍した赤血球を解凍した後に[Number][Unit]の放射線を照射し製造した場合のもの（ｎ＝[Number]）<<BR>>最終洗浄[Form]<BR>[ActIngreName][Number][Unit][ActIngreName][Number][Unit][ActIngreName][Number][Unit][ActIngreName][Number][Unit][ActIngreName]を加えて溶かし全量を[Number][Unit]とする,1
本剤を添付の溶剤で溶解するとき[Number][Unit]中の組成は下記のとおりである<<BR>>有効成分<BR>[ActIngreName]分屑：[Number][Unit],1
有効成分〔[Number][Unit]中〕<BR>[ActIngreName]（[ActIngreName]）として[Number][Unit][ActIngreName]（[ActIngreName]）として[Number][Unit],1
有効成分〔[Number][Unit]中〕<BR>[ActIngreName]含有[ActIngreName][ActIngreName]価[Number][Unit][Number][Unit]相当量,1
本剤はヒトの[ActIngreName]中の「[ActIngreName]」を含む[Form]で[Number][Unit]中に下記の成分を含有する<<BR>>有効成分<BR>[ActIngreName][Number][Unit]（[Number][Unit]相当量）,1
本剤はヒトの[ActIngreName]中の「[ActIngreName]」を含む乾燥製剤で[Number][Unit]中に下記の成分を含有する<<BR>>有効成分<BR>[ActIngreName][Number][Unit],1
本剤を添付の溶剤（[ActIngreName]）で溶解するとき[Number][Unit]中の組成は下記のとおりである<<BR>>有効成分<BR>[ActIngreName]（[ActIngreName]）：[Number][Unit],1
本剤は人血漿中の[ActIngreName]を含む乾燥製剤で[Number][Unit]製剤と[Number][Unit]製剤の[Number]種類があり各々下記の成分を含有する<BR>[Number][Unit]製剤<<BR>>規格<BR>[ActIngreName]：[Number][Unit]<<BR>>有効成分<BR>[ActIngreName]：[Number][Unit][ActIngreName]：[Number][Unit][ActIngreName]：[Number][Unit],1
本剤[Number][Unit]中の組成は下記のとおりである<<BR>>有効成分<BR>[ActIngreName]：[Number][Unit],1
規格<BR>[Number][Unit]<<BR>>有効成分<BR>[ActIngreName]：[Number][Unit],1
本剤は[Number][Unit]中に下記成分分量を含有する[Form]であり<<BR>>本剤：有効成分<BR>成分：[ActIngreName][Number][Unit]中の分量：[Number][Unit]備考：[ActIngreName]採血国：ドイツ採血の区分：献血,1
本剤はイオン交換樹脂処理[ActIngreName]を含む[Form]で[Number][Unit]中に下記の成分を含有する<<BR>>有効成分<BR>[ActIngreName][Number][Unit]採血国：米国採血の区別：非献血注[Number]）,1
有効成分：[ActIngreName]<BR>[Number][Unit]中の分量[Number][Unit]：[Number][Unit]備考：[ActIngreName]採血国：米国ドイツオーストリア採血の区分：非献血,1
有効成分：[ActIngreName]<BR>[Number][Unit]中の分量[Number][Unit]：[ActIngreName][Number][Unit]中の[ActIngreName]の[Number][Unit]備考[ActIngreName]採血国：米国ドイツオーストリア採血の区分：非献血,1
有効成分〔[Number][Unit]（[Number][Unit]）中〕<BR>[ActIngreName]（遺伝子組換え）[Number][Unit],1
[BrandName]は[Number][Unit]中に次の成分を含有する<<BR>>有効成分含有量<BR>生きた[ActIngreName]（[Fomula]）[ActIngreName]（乾燥菌体重量として）[Number][Unit],1
[BrandName]は[Number][Unit][Number][Unit]中[Number][Unit]の[ActIngreName]を含有する[Form]である,1
[Number][Unit]中の有効成分<BR>[ActIngreName]（遺伝子組換え）注[Number]）[Number]万[Number]国内標準単位,1
成分含量（[Number][Unit]中）：<BR>[ActIngreName]（遺伝子組換え）[Number][Unit],1
有効成分及び含量（[Number][Unit]中）<BR>[ActIngreName][Number][Unit]<<BR>>有効成分及び含量（[Number][Unit][Number][Unit]中）<BR>[ActIngreName][Number][Unit],1
有効成分<BR>[ActIngreName]（遺伝子組換え）：[Number][Unit],1
成分分量（有効成分）<BR>（[Number][Unit]（[Number][Unit]）中）[ActIngreName][ActIngreName]（遺伝子組換え）注[Number]）[Number][Unit],1
有効成分：[Number][Unit]中の分量<BR>[ActIngreName]：[Number][Unit]備考：ウサギ血[Form]由来,1
有効成分：[Number][Unit]（ストッパー付）[Number][Unit]中<BR>[ActIngreName]（遺伝子組換え）[Number][Unit],1
成分含量（[Number][Unit]中）<BR>[ActIngreName][Number][Unit][ActIngreName][Number][Unit],1
